Actual,Predicted,Confidence
buildings,buildings,0.9884979128837585
buildings,buildings,0.859519362449646
buildings,buildings,0.9814286231994629
buildings,buildings,0.933276891708374
buildings,buildings,0.9710118174552917
buildings,mountain,0.41548317670822144
buildings,buildings,0.9998897314071655
buildings,buildings,0.9078381657600403
buildings,buildings,0.9562520384788513
buildings,buildings,0.9999680519104004
buildings,buildings,0.9881985783576965
buildings,buildings,0.9322308897972107
buildings,buildings,0.9999984502792358
buildings,buildings,0.9830795526504517
buildings,buildings,0.9999356269836426
buildings,buildings,0.9974327683448792
buildings,buildings,0.9999680519104004
buildings,buildings,0.9999904632568359
buildings,buildings,0.9999992847442627
buildings,buildings,0.7513465881347656
buildings,street,0.5607329607009888
buildings,buildings,0.9995231628417969
buildings,street,0.5795284509658813
buildings,buildings,0.5171180963516235
buildings,buildings,0.9944294691085815
buildings,street,0.9179767370223999
buildings,buildings,0.9888951778411865
buildings,buildings,0.9971967935562134
buildings,buildings,0.9884420037269592
buildings,buildings,0.5302887558937073
buildings,buildings,0.29925742745399475
buildings,street,0.517110288143158
buildings,buildings,0.9995530247688293
buildings,sea,0.37428736686706543
buildings,street,0.8976441025733948
buildings,buildings,0.9972833395004272
buildings,buildings,0.9260914921760559
buildings,buildings,0.9988275170326233
buildings,buildings,0.5088196992874146
buildings,buildings,0.998773992061615
buildings,buildings,0.9990184307098389
buildings,buildings,0.9908825159072876
buildings,glacier,0.522718071937561
buildings,buildings,0.7693754434585571
buildings,buildings,0.9218184947967529
buildings,buildings,0.9762149453163147
buildings,buildings,0.9982116222381592
buildings,buildings,0.9863455891609192
buildings,buildings,0.990266740322113
buildings,buildings,0.9351257085800171
buildings,buildings,0.9976568222045898
buildings,street,0.8926236033439636
buildings,buildings,0.9610221982002258
buildings,buildings,0.7015143632888794
buildings,buildings,0.9946998357772827
buildings,buildings,0.9995579123497009
buildings,buildings,0.9999997615814209
buildings,buildings,1.0
buildings,buildings,0.9548717141151428
buildings,buildings,0.9834280610084534
buildings,buildings,0.6985480785369873
buildings,buildings,0.9962716102600098
buildings,buildings,0.9984503984451294
buildings,buildings,0.9082414507865906
buildings,buildings,0.9566555023193359
buildings,buildings,0.9431337714195251
buildings,buildings,0.8811575770378113
buildings,buildings,0.9995169639587402
buildings,buildings,0.9991137385368347
buildings,buildings,0.9999996423721313
buildings,buildings,0.9949453473091125
buildings,buildings,0.9999996423721313
buildings,buildings,0.9995083808898926
buildings,buildings,0.9999797344207764
buildings,buildings,0.9855153560638428
buildings,buildings,0.9383827447891235
buildings,buildings,0.39223262667655945
buildings,street,0.5658958554267883
buildings,buildings,0.9999998807907104
buildings,forest,0.9999853372573853
buildings,buildings,0.9947842955589294
buildings,buildings,0.9127000570297241
buildings,buildings,0.9851322770118713
buildings,buildings,0.986433744430542
buildings,buildings,0.9810585975646973
buildings,buildings,0.8669556379318237
buildings,street,0.960127055644989
buildings,buildings,0.9999520778656006
buildings,street,0.9937461614608765
buildings,buildings,0.9863561391830444
buildings,buildings,0.5683795213699341
buildings,buildings,0.9959568381309509
buildings,buildings,0.9955560564994812
buildings,buildings,0.9870870113372803
buildings,buildings,0.9996300935745239
buildings,buildings,0.8784773349761963
buildings,buildings,0.9986636638641357
buildings,buildings,0.9931296706199646
buildings,mountain,0.702122688293457
buildings,buildings,0.9999945163726807
buildings,buildings,0.9972104430198669
buildings,buildings,0.9888125658035278
buildings,buildings,0.6377577781677246
buildings,street,0.5344180464744568
buildings,buildings,0.6952112317085266
buildings,buildings,0.9565727114677429
buildings,buildings,0.9790242910385132
buildings,buildings,0.9998775720596313
buildings,buildings,0.9999982118606567
buildings,buildings,0.9412220120429993
buildings,buildings,0.9391192197799683
buildings,buildings,0.9945167899131775
buildings,buildings,0.9833679795265198
buildings,buildings,0.9999961853027344
buildings,buildings,0.8279227614402771
buildings,buildings,0.9988380074501038
buildings,buildings,0.9999856948852539
buildings,buildings,0.9655216932296753
buildings,buildings,0.994845986366272
buildings,street,0.9639307260513306
buildings,buildings,0.8012599349021912
buildings,buildings,0.9822660684585571
buildings,buildings,0.9886646270751953
buildings,buildings,0.9792336225509644
buildings,buildings,0.9388248920440674
buildings,buildings,0.9685239791870117
buildings,buildings,0.9998698234558105
buildings,buildings,0.9969724416732788
buildings,buildings,0.9999356269836426
buildings,buildings,0.9998698234558105
buildings,buildings,0.9999597072601318
buildings,buildings,0.8483336567878723
buildings,buildings,0.8684251308441162
buildings,buildings,0.9883556365966797
buildings,buildings,0.9878876209259033
buildings,buildings,0.9684680700302124
buildings,buildings,0.9998260140419006
buildings,buildings,0.9606552720069885
buildings,buildings,0.9901055693626404
buildings,buildings,0.9969612956047058
buildings,buildings,0.999683141708374
buildings,buildings,1.0
buildings,buildings,0.9998831748962402
buildings,buildings,0.985123336315155
buildings,buildings,0.9611319899559021
buildings,buildings,0.9998136162757874
buildings,buildings,0.6518547534942627
buildings,forest,0.9936648607254028
buildings,buildings,0.9999980926513672
buildings,buildings,0.9896238446235657
buildings,buildings,0.9991233944892883
buildings,buildings,0.8883125185966492
buildings,buildings,0.9994707703590393
buildings,street,0.7314731478691101
buildings,buildings,0.7524446845054626
buildings,buildings,0.9832014441490173
buildings,buildings,0.6226645708084106
buildings,buildings,0.7518104314804077
buildings,buildings,0.918531060218811
buildings,street,0.2138531506061554
buildings,buildings,0.8285425305366516
buildings,buildings,0.9999827146530151
buildings,buildings,0.9949411153793335
buildings,buildings,0.9145404696464539
buildings,buildings,0.5978121757507324
buildings,buildings,0.9972667694091797
buildings,buildings,0.9989271759986877
buildings,buildings,0.9994600415229797
buildings,buildings,0.9984124898910522
buildings,buildings,0.9053563475608826
buildings,buildings,0.9980579018592834
buildings,buildings,0.9891321063041687
buildings,buildings,0.983458399772644
buildings,buildings,0.6562265157699585
buildings,buildings,0.9963807463645935
buildings,buildings,0.9979650974273682
buildings,buildings,0.9834066033363342
buildings,buildings,0.9999547004699707
buildings,buildings,0.9999998807907104
buildings,buildings,0.9999933242797852
buildings,buildings,0.5773472189903259
buildings,buildings,0.9594511389732361
buildings,buildings,0.9994927644729614
buildings,buildings,0.9957855343818665
buildings,buildings,0.6261794567108154
buildings,buildings,0.9546605348587036
buildings,buildings,0.5749433636665344
buildings,buildings,0.9994869232177734
buildings,buildings,0.9967697858810425
buildings,street,0.6315094828605652
buildings,buildings,0.997817873954773
buildings,buildings,0.9995076656341553
buildings,buildings,0.9890710115432739
buildings,buildings,1.0
buildings,buildings,0.8291143178939819
buildings,street,0.9926888346672058
buildings,buildings,0.9997764229774475
buildings,buildings,0.9322401285171509
buildings,buildings,0.9999825954437256
buildings,buildings,0.984023928642273
buildings,buildings,0.9664487838745117
buildings,buildings,0.9995613694190979
buildings,buildings,0.9735525846481323
buildings,buildings,0.9995187520980835
buildings,buildings,0.6672173142433167
buildings,buildings,0.9871834516525269
buildings,buildings,0.9999808073043823
buildings,buildings,0.9788069128990173
buildings,buildings,0.9470508694648743
buildings,buildings,0.9999911785125732
buildings,buildings,0.7932698130607605
buildings,buildings,0.6263114809989929
buildings,buildings,0.9977904558181763
buildings,buildings,0.9997604489326477
buildings,buildings,0.9852648377418518
buildings,buildings,0.9747149348258972
buildings,buildings,0.9990890026092529
buildings,buildings,0.9990972280502319
buildings,buildings,0.9288906455039978
buildings,buildings,0.6568580269813538
buildings,glacier,0.37162527441978455
buildings,buildings,0.9991161227226257
buildings,buildings,0.6994364857673645
buildings,buildings,0.9876556992530823
buildings,buildings,0.990404486656189
buildings,buildings,0.9583907127380371
buildings,buildings,0.9134328961372375
buildings,buildings,0.9999707937240601
buildings,buildings,0.9998138546943665
buildings,buildings,0.9970042109489441
buildings,buildings,0.9827519059181213
buildings,buildings,0.8512951731681824
buildings,mountain,0.5038618445396423
buildings,buildings,0.2610362768173218
buildings,buildings,0.9999817609786987
buildings,buildings,0.4829722046852112
buildings,buildings,0.9999954700469971
buildings,buildings,1.0
buildings,buildings,0.9943785071372986
buildings,buildings,0.9979269504547119
buildings,buildings,0.991751492023468
buildings,buildings,0.9420800805091858
buildings,buildings,0.9928498268127441
buildings,buildings,0.9998025298118591
buildings,buildings,0.998910665512085
buildings,buildings,0.942144513130188
buildings,buildings,0.9963095784187317
buildings,buildings,0.9999347925186157
buildings,buildings,0.9992609620094299
buildings,buildings,0.9350669384002686
buildings,buildings,0.9998462200164795
buildings,buildings,0.9850578904151917
buildings,buildings,0.6604303121566772
buildings,buildings,0.9999336004257202
buildings,street,0.5379586815834045
buildings,buildings,0.9000228643417358
buildings,buildings,0.9912419319152832
buildings,buildings,0.9995125532150269
buildings,buildings,0.9997501969337463
buildings,buildings,0.989772617816925
buildings,buildings,0.9999998807907104
buildings,buildings,0.999518871307373
buildings,buildings,0.5123599171638489
buildings,buildings,0.7279139757156372
buildings,mountain,0.32828855514526367
buildings,buildings,0.9998844861984253
buildings,buildings,0.8377713561058044
buildings,buildings,0.9998062252998352
buildings,street,0.971713125705719
buildings,buildings,0.65088951587677
buildings,buildings,0.5611246228218079
buildings,buildings,0.9984217882156372
buildings,buildings,0.9898158311843872
buildings,buildings,0.999984622001648
buildings,buildings,0.5638539791107178
buildings,buildings,0.4543582797050476
buildings,buildings,0.9943215847015381
buildings,buildings,0.9526053071022034
buildings,buildings,0.995855987071991
buildings,buildings,0.5001237392425537
buildings,buildings,0.9583256840705872
buildings,buildings,0.9998716115951538
buildings,buildings,0.9984142780303955
buildings,buildings,0.7146449685096741
buildings,buildings,0.9818779826164246
buildings,buildings,0.887619137763977
buildings,buildings,1.0
buildings,buildings,0.9994799494743347
buildings,buildings,0.9999995231628418
buildings,mountain,0.4656614661216736
buildings,buildings,0.9999892711639404
buildings,buildings,0.9996702671051025
buildings,buildings,0.9993411898612976
buildings,buildings,0.9990875720977783
buildings,buildings,0.9954850673675537
buildings,buildings,0.9694840312004089
buildings,buildings,0.9960671067237854
buildings,buildings,0.9997496008872986
buildings,buildings,0.9999998807907104
buildings,buildings,0.7988328337669373
buildings,buildings,0.9998559951782227
buildings,street,0.9934647679328918
buildings,buildings,0.99970942735672
buildings,buildings,0.9999916553497314
buildings,buildings,0.9263753890991211
buildings,street,0.4912293553352356
buildings,street,0.9092226028442383
buildings,buildings,0.9272071123123169
buildings,buildings,0.9994829893112183
buildings,buildings,0.9873749017715454
buildings,buildings,0.9989081621170044
buildings,buildings,0.980058491230011
buildings,street,0.4935744106769562
buildings,buildings,0.9996557235717773
buildings,buildings,0.9999657869338989
buildings,buildings,0.7963433265686035
buildings,buildings,0.8193300366401672
buildings,buildings,0.37522512674331665
buildings,buildings,0.6977159380912781
buildings,buildings,0.996432900428772
buildings,buildings,0.7379630208015442
buildings,buildings,0.965418815612793
buildings,buildings,0.9449562430381775
buildings,buildings,0.9883821606636047
buildings,sea,0.5350322723388672
buildings,buildings,0.984821617603302
buildings,buildings,0.9803419709205627
buildings,buildings,0.9542900919914246
buildings,buildings,0.8951704502105713
buildings,buildings,0.9999507665634155
buildings,buildings,0.9996387958526611
buildings,buildings,0.9998984336853027
buildings,buildings,0.9961600303649902
buildings,forest,0.959409236907959
buildings,buildings,1.0
buildings,buildings,0.985261857509613
buildings,buildings,0.8863867521286011
buildings,buildings,0.9999911785125732
buildings,buildings,0.9979648590087891
buildings,buildings,0.9999978542327881
buildings,buildings,0.999985933303833
buildings,buildings,0.9984896183013916
buildings,buildings,0.9974483251571655
buildings,buildings,0.970832109451294
buildings,buildings,0.9256495237350464
buildings,buildings,1.0
buildings,buildings,0.6323710680007935
buildings,buildings,0.9783787727355957
buildings,buildings,0.9988559484481812
buildings,buildings,0.9535508155822754
buildings,buildings,0.7353581190109253
buildings,buildings,0.9767988920211792
buildings,street,0.8696134686470032
buildings,buildings,0.9991672039031982
buildings,buildings,0.9675512313842773
buildings,buildings,0.9939391613006592
buildings,buildings,0.8388769030570984
buildings,buildings,0.9998624324798584
buildings,buildings,0.9999692440032959
buildings,buildings,0.7295578122138977
buildings,buildings,0.9999958276748657
buildings,buildings,0.8710228800773621
buildings,buildings,0.9928417205810547
buildings,buildings,0.9901521801948547
buildings,buildings,0.9841879606246948
buildings,buildings,0.9870061874389648
buildings,buildings,0.997464656829834
buildings,buildings,0.9994667172431946
buildings,buildings,0.9994993209838867
buildings,buildings,0.9999089241027832
buildings,buildings,0.997519314289093
buildings,buildings,0.9998829364776611
buildings,sea,0.8331232666969299
buildings,buildings,0.9999842643737793
buildings,street,0.8659952282905579
buildings,buildings,0.8309764266014099
buildings,glacier,0.893285870552063
buildings,buildings,0.7406183481216431
buildings,buildings,0.9727935791015625
buildings,buildings,0.6766873002052307
buildings,buildings,0.9998528957366943
buildings,buildings,0.9291146397590637
buildings,buildings,0.9996733665466309
buildings,buildings,0.7966942191123962
buildings,buildings,0.7994143962860107
buildings,street,0.8984193801879883
buildings,buildings,0.9995631575584412
buildings,buildings,0.9864628911018372
buildings,buildings,0.7595048546791077
buildings,buildings,0.9961632490158081
buildings,buildings,0.9999959468841553
buildings,buildings,0.9987975358963013
buildings,street,0.8841993808746338
buildings,buildings,0.9910126328468323
buildings,buildings,0.9649854898452759
buildings,street,0.9569043517112732
buildings,buildings,0.8814931511878967
buildings,buildings,0.9995331764221191
buildings,buildings,0.9780005216598511
buildings,buildings,0.9612694382667542
buildings,buildings,0.9994887113571167
buildings,buildings,0.9990635514259338
buildings,buildings,0.9650689363479614
buildings,buildings,0.8870128393173218
buildings,buildings,0.999977707862854
buildings,buildings,1.0
buildings,buildings,0.5589314699172974
buildings,buildings,0.9997370839118958
buildings,buildings,0.9957224130630493
buildings,buildings,0.5908556580543518
buildings,buildings,0.9835294485092163
buildings,buildings,0.9999951124191284
buildings,buildings,0.996769905090332
buildings,buildings,0.9984585046768188
buildings,buildings,0.9995378255844116
buildings,buildings,0.9998830556869507
buildings,buildings,0.9999027252197266
buildings,buildings,0.989690899848938
buildings,buildings,0.9999905824661255
buildings,buildings,0.9996830224990845
buildings,street,0.519950807094574
buildings,buildings,0.4987224340438843
buildings,buildings,0.8388610482215881
buildings,buildings,0.9692519307136536
buildings,buildings,0.9953800439834595
buildings,buildings,0.9497905373573303
buildings,sea,0.9177184104919434
buildings,buildings,0.9985209107398987
buildings,buildings,0.9973750114440918
buildings,buildings,0.968052864074707
buildings,buildings,0.9980399012565613
buildings,buildings,0.763459324836731
buildings,buildings,0.9973580241203308
buildings,buildings,0.9999998807907104
buildings,street,0.9923478364944458
buildings,buildings,0.9999144077301025
buildings,buildings,0.9826693534851074
forest,forest,0.999997615814209
forest,forest,1.0
forest,forest,0.9999994039535522
forest,forest,0.9999825954437256
forest,street,0.5057114958763123
forest,forest,0.7471147179603577
forest,forest,1.0
forest,forest,0.9999997615814209
forest,forest,0.9999997615814209
forest,forest,1.0
forest,forest,0.9999812841415405
forest,forest,0.9819413423538208
forest,forest,0.9932851791381836
forest,forest,0.9999998807907104
forest,forest,0.9999997615814209
forest,forest,0.9999932050704956
forest,forest,0.9999951124191284
forest,forest,0.9999997615814209
forest,forest,0.9999998807907104
forest,forest,0.9999959468841553
forest,forest,0.9999990463256836
forest,forest,0.9999998807907104
forest,forest,1.0
forest,forest,0.9999439716339111
forest,forest,1.0
forest,forest,1.0
forest,forest,0.9997738003730774
forest,forest,0.9999996423721313
forest,forest,0.9999479055404663
forest,forest,0.9999910593032837
forest,forest,1.0
forest,forest,0.9999196529388428
forest,forest,0.9999974966049194
forest,forest,0.9999998807907104
forest,forest,0.9999997615814209
forest,forest,0.9999998807907104
forest,forest,1.0
forest,forest,1.0
forest,mountain,0.866998016834259
forest,forest,1.0
forest,forest,1.0
forest,forest,0.9999107122421265
forest,forest,0.9984464049339294
forest,forest,1.0
forest,forest,0.9999567270278931
forest,forest,0.9999953508377075
forest,forest,1.0
forest,forest,0.9999995231628418
forest,forest,1.0
forest,forest,1.0
forest,forest,0.9999960660934448
forest,forest,0.9999998807907104
forest,forest,0.999984860420227
forest,sea,0.18823124468326569
forest,forest,1.0
forest,forest,0.9999998807907104
forest,forest,0.9999998807907104
forest,forest,1.0
forest,forest,1.0
forest,forest,1.0
forest,forest,1.0
forest,forest,0.9999998807907104
forest,forest,0.9999946355819702
forest,forest,1.0
forest,forest,0.9995937943458557
forest,forest,0.9999986886978149
forest,forest,0.9999738931655884
forest,forest,0.9999998807907104
forest,forest,0.9999488592147827
forest,forest,0.999996542930603
forest,forest,0.9999194145202637
forest,forest,0.9993335604667664
forest,forest,0.9999933242797852
forest,forest,1.0
forest,forest,1.0
forest,forest,0.9999966621398926
forest,forest,1.0
forest,forest,0.9998456239700317
forest,forest,0.9999978542327881
forest,forest,1.0
forest,forest,1.0
forest,forest,0.9999996423721313
forest,forest,0.9999953508377075
forest,forest,0.9999960660934448
forest,forest,0.999998927116394
forest,forest,0.9999959468841553
forest,forest,1.0
forest,forest,0.9999837875366211
forest,forest,0.998401939868927
forest,forest,0.9999927282333374
forest,forest,0.9999997615814209
forest,forest,0.9999984502792358
forest,forest,0.9849429130554199
forest,forest,0.9999904632568359
forest,forest,1.0
forest,forest,0.9999998807907104
forest,forest,0.9999995231628418
forest,forest,0.9999996423721313
forest,forest,0.9999982118606567
forest,forest,1.0
forest,forest,0.9999991655349731
forest,forest,0.9980577826499939
forest,forest,0.9999991655349731
forest,forest,1.0
forest,forest,0.998867392539978
forest,forest,0.9999934434890747
forest,forest,1.0
forest,forest,0.9983605742454529
forest,forest,0.9999998807907104
forest,forest,0.9999997615814209
forest,forest,1.0
forest,forest,0.9999663829803467
forest,forest,1.0
forest,forest,1.0
forest,forest,1.0
forest,forest,1.0
forest,forest,1.0
forest,forest,0.9999995231628418
forest,forest,1.0
forest,forest,0.999988317489624
forest,forest,0.9999880790710449
forest,forest,0.9992902278900146
forest,forest,0.999752938747406
forest,forest,0.9999998807907104
forest,forest,1.0
forest,forest,0.9999951124191284
forest,forest,0.9999489784240723
forest,forest,1.0
forest,forest,0.9999328851699829
forest,forest,0.9999889135360718
forest,forest,0.9999996423721313
forest,forest,0.9999997615814209
forest,forest,0.9999923706054688
forest,forest,1.0
forest,forest,0.9998863935470581
forest,forest,1.0
forest,forest,0.999885082244873
forest,forest,0.9999998807907104
forest,forest,0.9999843835830688
forest,forest,0.9999278783798218
forest,forest,0.9999788999557495
forest,forest,0.9999997615814209
forest,forest,0.9999936819076538
forest,forest,0.9999947547912598
forest,forest,0.9999998807907104
forest,forest,1.0
forest,forest,0.9995970129966736
forest,forest,0.9999980926513672
forest,forest,0.9999967813491821
forest,forest,0.99913090467453
forest,forest,1.0
forest,forest,1.0
forest,forest,0.9974182844161987
forest,forest,0.9972902536392212
forest,forest,0.9999991655349731
forest,forest,0.9999951124191284
forest,forest,0.9999995231628418
forest,forest,0.9999812841415405
forest,forest,0.9999216794967651
forest,forest,1.0
forest,forest,0.5175092220306396
forest,forest,1.0
forest,forest,0.9999996423721313
forest,forest,1.0
forest,forest,0.9999960660934448
forest,forest,0.9999792575836182
forest,forest,1.0
forest,forest,1.0
forest,forest,0.9999887943267822
forest,forest,0.9999996423721313
forest,forest,0.9979727864265442
forest,mountain,0.3255501985549927
forest,forest,0.9999984502792358
forest,forest,1.0
forest,forest,0.9999994039535522
forest,forest,1.0
forest,forest,0.9999998807907104
forest,forest,0.9999997615814209
forest,forest,0.9999803304672241
forest,forest,0.9999998807907104
forest,forest,0.9999949932098389
forest,forest,1.0
forest,forest,1.0
forest,forest,0.6260700225830078
forest,forest,0.9999969005584717
forest,forest,1.0
forest,forest,0.9999994039535522
forest,forest,0.9997095465660095
forest,forest,1.0
forest,forest,0.999823272228241
forest,forest,0.9999998807907104
forest,forest,1.0
forest,forest,1.0
forest,forest,1.0
forest,forest,0.8501702547073364
forest,forest,0.9998914003372192
forest,forest,1.0
forest,forest,0.9999990463256836
forest,forest,1.0
forest,mountain,0.7155754566192627
forest,forest,1.0
forest,forest,1.0
forest,forest,0.9999992847442627
forest,forest,0.9999996423721313
forest,forest,1.0
forest,forest,0.9999866485595703
forest,forest,0.9999978542327881
forest,forest,1.0
forest,forest,0.9999992847442627
forest,forest,0.9999909400939941
forest,forest,0.999998927116394
forest,forest,0.9999996423721313
forest,forest,0.9999998807907104
forest,forest,0.9994267225265503
forest,forest,0.9930889010429382
forest,forest,0.9998666048049927
forest,forest,0.9999996423721313
forest,forest,0.9999996423721313
forest,forest,0.9999992847442627
forest,forest,0.9999994039535522
forest,forest,0.9999997615814209
forest,forest,0.9999788999557495
forest,forest,1.0
forest,forest,1.0
forest,forest,0.9915786981582642
forest,forest,0.9999978542327881
forest,forest,0.9999996423721313
forest,forest,0.9999594688415527
forest,forest,0.9999998807907104
forest,forest,1.0
forest,forest,0.6992203593254089
forest,forest,0.9999915361404419
forest,forest,0.9999988079071045
forest,forest,0.9989745616912842
forest,forest,0.9999990463256836
forest,forest,1.0
forest,forest,1.0
forest,forest,1.0
forest,forest,0.9999834299087524
forest,forest,1.0
forest,forest,1.0
forest,forest,0.9999970197677612
forest,forest,0.9999972581863403
forest,buildings,0.9984925985336304
forest,forest,0.6752691268920898
forest,forest,1.0
forest,forest,0.999998927116394
forest,forest,0.6934428215026855
forest,forest,0.9999998807907104
forest,forest,1.0
forest,forest,0.9844331741333008
forest,forest,0.9999983310699463
forest,forest,0.999954104423523
forest,forest,0.999984860420227
forest,forest,0.999998927116394
forest,forest,0.9999997615814209
forest,forest,1.0
forest,forest,1.0
forest,forest,0.9999849796295166
forest,forest,0.9999997615814209
forest,forest,1.0
forest,forest,1.0
forest,forest,0.9998838901519775
forest,forest,0.999998927116394
forest,forest,1.0
forest,sea,0.25030800700187683
forest,forest,1.0
forest,forest,1.0
forest,forest,0.9999960660934448
forest,forest,0.9999983310699463
forest,forest,1.0
forest,forest,0.9999927282333374
forest,forest,1.0
forest,forest,0.9999675750732422
forest,forest,0.9999995231628418
forest,forest,1.0
forest,forest,0.9999977350234985
forest,forest,0.9999967813491821
forest,forest,0.9999969005584717
forest,forest,0.9999986886978149
forest,forest,0.9999761581420898
forest,forest,0.9999849796295166
forest,forest,0.9999964237213135
forest,forest,1.0
forest,forest,1.0
forest,forest,0.9999988079071045
forest,forest,0.9997819066047668
forest,forest,1.0
forest,forest,1.0
forest,forest,0.9999768733978271
forest,forest,0.9999984502792358
forest,forest,1.0
forest,forest,0.9996939897537231
forest,forest,0.988553524017334
forest,forest,0.9992426633834839
forest,forest,0.9999446868896484
forest,forest,0.9999998807907104
forest,forest,0.9999837875366211
forest,forest,0.9999998807907104
forest,forest,0.9998576641082764
forest,forest,0.9999833106994629
forest,forest,0.9999974966049194
forest,forest,0.999976396560669
forest,forest,0.9999874830245972
forest,forest,0.9999423027038574
forest,forest,0.9999998807907104
forest,forest,0.9999998807907104
forest,forest,1.0
forest,forest,0.9986120462417603
forest,forest,1.0
forest,forest,0.9999990463256836
forest,forest,1.0
forest,forest,0.9999978542327881
forest,forest,0.999987006187439
forest,forest,0.9999949932098389
forest,forest,0.9999969005584717
forest,forest,0.999997615814209
forest,forest,0.9999998807907104
forest,forest,1.0
forest,forest,0.999997615814209
forest,forest,0.9993112087249756
forest,forest,0.9999994039535522
forest,forest,1.0
forest,forest,0.9999425411224365
forest,forest,1.0
forest,forest,0.9999998807907104
forest,forest,0.9999998807907104
forest,forest,1.0
forest,forest,0.9999997615814209
forest,forest,0.9999998807907104
forest,forest,0.9999899864196777
forest,forest,1.0
forest,forest,1.0
forest,forest,0.9999997615814209
forest,buildings,0.2420847862958908
forest,forest,0.9998992681503296
forest,forest,1.0
forest,forest,0.9999891519546509
forest,forest,0.999994158744812
forest,forest,0.9999967813491821
forest,forest,0.9999994039535522
forest,forest,1.0
forest,forest,0.9999992847442627
forest,forest,0.9999879598617554
forest,buildings,0.6457952857017517
forest,forest,0.9997918009757996
forest,forest,0.9999997615814209
forest,forest,0.9968306422233582
forest,forest,1.0
forest,forest,1.0
forest,buildings,0.8216602206230164
forest,mountain,0.9356091618537903
forest,forest,0.9999947547912598
forest,forest,0.9999418258666992
forest,forest,1.0
forest,forest,0.9999991655349731
forest,forest,0.9999994039535522
forest,forest,1.0
forest,forest,0.9999998807907104
forest,forest,0.9999195337295532
forest,forest,0.9846956133842468
forest,forest,0.9999977350234985
forest,forest,0.9999996423721313
forest,forest,0.9999998807907104
forest,forest,1.0
forest,forest,0.9999990463256836
forest,forest,0.9995798468589783
forest,forest,1.0
forest,forest,0.9999997615814209
forest,forest,0.9998743534088135
forest,forest,0.981765866279602
forest,forest,0.9999998807907104
forest,forest,1.0
forest,forest,1.0
forest,forest,1.0
forest,forest,1.0
forest,forest,0.9999997615814209
forest,forest,0.9999977350234985
forest,forest,0.9999998807907104
forest,forest,1.0
forest,forest,1.0
forest,forest,0.9999996423721313
forest,forest,1.0
forest,forest,1.0
forest,forest,1.0
forest,forest,0.9999513626098633
forest,forest,0.9999992847442627
forest,forest,0.9988724589347839
forest,forest,1.0
forest,forest,0.9999585151672363
forest,forest,1.0
forest,forest,0.9998331069946289
forest,forest,0.9999995231628418
forest,forest,0.9791299700737
forest,forest,1.0
forest,forest,0.9999990463256836
forest,forest,0.9999991655349731
forest,forest,1.0
forest,forest,1.0
forest,forest,1.0
forest,forest,1.0
forest,forest,0.9999854564666748
forest,forest,1.0
forest,forest,0.999998927116394
forest,forest,0.999998927116394
forest,forest,1.0
forest,forest,1.0
forest,forest,0.9999996423721313
forest,forest,1.0
forest,forest,1.0
forest,forest,0.9999241828918457
forest,forest,0.997478187084198
forest,forest,0.9990875720977783
forest,forest,0.9999643564224243
forest,forest,0.9999995231628418
forest,forest,0.9999988079071045
forest,forest,1.0
forest,forest,1.0
forest,forest,1.0
forest,forest,0.9999990463256836
forest,forest,0.9999998807907104
forest,forest,1.0
forest,forest,0.999998927116394
forest,forest,0.9939303398132324
forest,forest,0.9999921321868896
forest,forest,1.0
forest,forest,1.0
forest,forest,1.0
forest,forest,0.9999995231628418
forest,forest,1.0
forest,forest,0.996933102607727
forest,forest,1.0
forest,forest,1.0
forest,forest,0.9999908208847046
forest,forest,1.0
forest,forest,0.9998975992202759
forest,forest,0.9999957084655762
forest,forest,0.9931491017341614
forest,forest,1.0
forest,forest,0.9999818801879883
forest,forest,1.0
forest,forest,0.9999985694885254
forest,forest,0.9999997615814209
forest,forest,0.9999992847442627
forest,forest,0.9999995231628418
forest,forest,0.9999994039535522
forest,forest,0.9999998807907104
forest,forest,1.0
forest,forest,0.9999995231628418
forest,forest,0.9999998807907104
forest,forest,0.9997859597206116
forest,forest,0.9999943971633911
forest,forest,0.9999992847442627
forest,forest,0.9999539852142334
forest,forest,0.9999520778656006
forest,forest,0.9999996423721313
forest,forest,0.9998559951782227
forest,mountain,0.3309134542942047
forest,forest,1.0
forest,forest,0.9997639060020447
forest,forest,0.6718891263008118
forest,forest,0.9999998807907104
forest,forest,0.9999983310699463
forest,forest,0.999997615814209
forest,forest,0.9999960660934448
forest,forest,0.9997407793998718
forest,forest,0.9999980926513672
forest,forest,0.9999929666519165
forest,forest,1.0
forest,forest,1.0
forest,forest,1.0
forest,forest,0.9999978542327881
forest,forest,0.9998900890350342
forest,forest,0.9999997615814209
glacier,glacier,0.9996896982192993
glacier,glacier,0.9974675178527832
glacier,glacier,0.9978735446929932
glacier,mountain,0.6977718472480774
glacier,glacier,0.9379382133483887
glacier,forest,0.8059912919998169
glacier,mountain,0.5718565583229065
glacier,glacier,0.8498446345329285
glacier,glacier,0.9239281415939331
glacier,glacier,0.8958365321159363
glacier,glacier,0.9766126871109009
glacier,glacier,0.7280644774436951
glacier,glacier,0.9803577065467834
glacier,glacier,0.5834248065948486
glacier,mountain,0.687591016292572
glacier,mountain,0.6812899112701416
glacier,glacier,0.9835272431373596
glacier,glacier,0.8648037910461426
glacier,glacier,0.9950606226921082
glacier,glacier,0.9951377511024475
glacier,glacier,0.9684360027313232
glacier,glacier,0.6003062725067139
glacier,glacier,0.9585551023483276
glacier,glacier,0.8654791116714478
glacier,mountain,0.5154407620429993
glacier,glacier,0.9499616622924805
glacier,glacier,0.9177989363670349
glacier,mountain,0.720906138420105
glacier,glacier,0.9780763983726501
glacier,glacier,0.6941235065460205
glacier,glacier,0.9213555455207825
glacier,glacier,0.9468845129013062
glacier,mountain,0.5528144240379333
glacier,glacier,0.9714109897613525
glacier,glacier,0.573822021484375
glacier,glacier,0.8711850047111511
glacier,glacier,0.985837996006012
glacier,street,0.7228266596794128
glacier,glacier,0.9982182383537292
glacier,forest,0.9917911291122437
glacier,glacier,0.9625228643417358
glacier,glacier,0.937067449092865
glacier,glacier,0.9578888416290283
glacier,glacier,0.9615846872329712
glacier,glacier,0.6295595169067383
glacier,mountain,0.7824105620384216
glacier,glacier,0.9826245903968811
glacier,glacier,0.9969808459281921
glacier,glacier,0.9864526391029358
glacier,glacier,0.518098771572113
glacier,glacier,0.9951584935188293
glacier,glacier,0.7679534554481506
glacier,glacier,0.7188882231712341
glacier,glacier,0.9942580461502075
glacier,buildings,0.6623235940933228
glacier,mountain,0.5036465525627136
glacier,glacier,0.8260056972503662
glacier,sea,0.4817478656768799
glacier,glacier,0.9932583570480347
glacier,buildings,0.9881227612495422
glacier,glacier,0.9891175627708435
glacier,glacier,0.9941646456718445
glacier,glacier,0.6680312752723694
glacier,glacier,0.878269612789154
glacier,glacier,0.9479263424873352
glacier,mountain,0.7115428447723389
glacier,glacier,0.8869278430938721
glacier,glacier,0.7070553302764893
glacier,glacier,0.9730748534202576
glacier,glacier,0.8182359933853149
glacier,glacier,0.973170280456543
glacier,glacier,0.832647442817688
glacier,glacier,0.9964842796325684
glacier,glacier,0.9978316426277161
glacier,glacier,0.9677717685699463
glacier,glacier,0.8575676083564758
glacier,glacier,0.8984114527702332
glacier,glacier,0.9439961910247803
glacier,glacier,0.8356049656867981
glacier,glacier,0.8792716860771179
glacier,glacier,0.9661840796470642
glacier,glacier,0.9937352538108826
glacier,glacier,0.9994454979896545
glacier,glacier,0.55955970287323
glacier,glacier,0.8963543772697449
glacier,glacier,0.9460277557373047
glacier,glacier,0.884139895439148
glacier,mountain,0.8979674577713013
glacier,glacier,0.7973473072052002
glacier,sea,0.40503615140914917
glacier,glacier,0.6810832619667053
glacier,mountain,0.5822573304176331
glacier,glacier,0.7503138780593872
glacier,glacier,0.9964050054550171
glacier,mountain,0.5025039315223694
glacier,glacier,0.9158675074577332
glacier,glacier,0.8114935755729675
glacier,glacier,0.9967023730278015
glacier,glacier,0.9941263198852539
glacier,glacier,0.670238733291626
glacier,glacier,0.9707160592079163
glacier,glacier,0.6819438934326172
glacier,glacier,0.8455557227134705
glacier,glacier,0.992849588394165
glacier,glacier,0.6021016836166382
glacier,glacier,0.913515567779541
glacier,glacier,0.9948980212211609
glacier,glacier,0.989602267742157
glacier,mountain,0.4201732277870178
glacier,mountain,0.8432662487030029
glacier,glacier,0.856490969657898
glacier,glacier,0.8529258966445923
glacier,glacier,0.963494062423706
glacier,glacier,0.961879312992096
glacier,glacier,0.9499723315238953
glacier,glacier,0.9820100665092468
glacier,glacier,0.9991924166679382
glacier,glacier,0.9804292917251587
glacier,glacier,0.8972097635269165
glacier,glacier,0.8378185629844666
glacier,glacier,0.6289900541305542
glacier,sea,0.5821681022644043
glacier,glacier,0.7753354907035828
glacier,mountain,0.5508320927619934
glacier,glacier,0.8535082936286926
glacier,glacier,0.996116042137146
glacier,glacier,0.8434622883796692
glacier,glacier,0.9995418787002563
glacier,glacier,0.8679653406143188
glacier,glacier,0.8170408010482788
glacier,glacier,0.760513186454773
glacier,glacier,0.9997947812080383
glacier,glacier,0.7358652353286743
glacier,mountain,0.7386484146118164
glacier,glacier,0.8891131281852722
glacier,sea,0.8399102091789246
glacier,glacier,0.9345376491546631
glacier,sea,0.7766664624214172
glacier,mountain,0.49529778957366943
glacier,glacier,0.7756921052932739
glacier,glacier,0.9296915531158447
glacier,glacier,0.9927513599395752
glacier,glacier,0.9211336970329285
glacier,mountain,0.5035351514816284
glacier,glacier,0.7896113395690918
glacier,glacier,0.6593613028526306
glacier,glacier,0.6782498359680176
glacier,glacier,0.7302279472351074
glacier,glacier,0.7843388915061951
glacier,glacier,0.9900240302085876
glacier,mountain,0.4046526551246643
glacier,mountain,0.3878974914550781
glacier,glacier,0.6197011470794678
glacier,glacier,0.9244435429573059
glacier,buildings,0.6239913702011108
glacier,glacier,0.9648814797401428
glacier,glacier,0.9839712977409363
glacier,glacier,0.8577977418899536
glacier,sea,0.4441465735435486
glacier,glacier,0.8971589803695679
glacier,glacier,0.6268731355667114
glacier,glacier,0.9564810991287231
glacier,glacier,0.9995715022087097
glacier,sea,0.6916105151176453
glacier,glacier,0.9285407662391663
glacier,mountain,0.8341595530509949
glacier,glacier,0.8331599235534668
glacier,glacier,0.6231297850608826
glacier,glacier,0.5424174666404724
glacier,glacier,0.5973762273788452
glacier,mountain,0.8939237594604492
glacier,glacier,0.998519241809845
glacier,glacier,0.9954207539558411
glacier,glacier,0.9995874762535095
glacier,glacier,0.6363139152526855
glacier,glacier,0.855169415473938
glacier,sea,0.9483591914176941
glacier,glacier,0.9988147020339966
glacier,mountain,0.9603257775306702
glacier,glacier,0.9051519632339478
glacier,glacier,0.9679407477378845
glacier,glacier,0.8114340305328369
glacier,glacier,0.8471410274505615
glacier,glacier,0.975602388381958
glacier,glacier,0.9982307553291321
glacier,glacier,0.9459162950515747
glacier,glacier,0.6085577011108398
glacier,glacier,0.9773808717727661
glacier,glacier,0.9876949787139893
glacier,forest,0.865526020526886
glacier,glacier,0.8791368007659912
glacier,glacier,0.9843494296073914
glacier,glacier,0.6141599416732788
glacier,glacier,0.9053398370742798
glacier,glacier,0.9788480997085571
glacier,sea,0.6907015442848206
glacier,glacier,0.9986885190010071
glacier,street,0.6688979268074036
glacier,glacier,0.907879650592804
glacier,forest,0.9575927257537842
glacier,glacier,0.644391655921936
glacier,mountain,0.5573481321334839
glacier,sea,0.5382450819015503
glacier,glacier,0.8114833831787109
glacier,glacier,0.9778249859809875
glacier,glacier,0.7300999760627747
glacier,buildings,0.948093831539154
glacier,glacier,0.6704990267753601
glacier,glacier,0.9811671376228333
glacier,glacier,0.9729453325271606
glacier,glacier,0.9318435192108154
glacier,mountain,0.9340558648109436
glacier,mountain,0.8777488470077515
glacier,glacier,0.9829082489013672
glacier,glacier,0.7651074528694153
glacier,glacier,0.9686311483383179
glacier,street,0.9459876418113708
glacier,glacier,0.8867032527923584
glacier,sea,0.44198739528656006
glacier,glacier,0.8026076555252075
glacier,glacier,0.9950106143951416
glacier,glacier,0.8406097888946533
glacier,glacier,0.9959279894828796
glacier,glacier,0.5428422093391418
glacier,glacier,0.8662258386611938
glacier,sea,0.8829755783081055
glacier,glacier,0.9926580786705017
glacier,glacier,0.9991505146026611
glacier,glacier,0.9732189178466797
glacier,glacier,0.9825586080551147
glacier,glacier,0.9856315851211548
glacier,glacier,0.8781092166900635
glacier,glacier,0.8218810558319092
glacier,glacier,0.8593615293502808
glacier,glacier,0.9977914094924927
glacier,glacier,0.9975969195365906
glacier,glacier,0.8606334328651428
glacier,glacier,0.35619470477104187
glacier,glacier,0.9565415382385254
glacier,glacier,0.9978651404380798
glacier,glacier,0.9837760329246521
glacier,glacier,0.6996868252754211
glacier,glacier,0.7207469344139099
glacier,glacier,0.8052072525024414
glacier,glacier,0.9959115982055664
glacier,mountain,0.8231154084205627
glacier,glacier,0.7490900754928589
glacier,glacier,0.9996192455291748
glacier,buildings,0.6146464943885803
glacier,glacier,0.9786325097084045
glacier,glacier,0.7191842794418335
glacier,glacier,0.8466364145278931
glacier,glacier,0.9415915608406067
glacier,glacier,0.9988960027694702
glacier,glacier,0.9951134324073792
glacier,sea,0.5174849033355713
glacier,glacier,0.9001913070678711
glacier,glacier,0.9214048385620117
glacier,glacier,0.9858813285827637
glacier,glacier,0.6636863350868225
glacier,glacier,0.9816345572471619
glacier,glacier,0.9993463158607483
glacier,glacier,0.9887945652008057
glacier,glacier,0.9537336230278015
glacier,glacier,0.9320790767669678
glacier,glacier,0.9965536594390869
glacier,glacier,0.6679449081420898
glacier,glacier,0.9992577433586121
glacier,mountain,0.6437358260154724
glacier,sea,0.7273086905479431
glacier,glacier,0.9609877467155457
glacier,glacier,0.9467335343360901
glacier,glacier,0.9069553017616272
glacier,glacier,0.9598918557167053
glacier,glacier,0.9487928748130798
glacier,glacier,0.8070141077041626
glacier,mountain,0.6119175553321838
glacier,glacier,0.999754011631012
glacier,glacier,0.6006372570991516
glacier,street,0.38065415620803833
glacier,glacier,0.4434414207935333
glacier,glacier,0.8460395336151123
glacier,glacier,0.8983317017555237
glacier,sea,0.49982506036758423
glacier,glacier,0.8341996073722839
glacier,glacier,0.9998972415924072
glacier,glacier,0.7987733483314514
glacier,glacier,0.7789309620857239
glacier,glacier,0.9637382626533508
glacier,glacier,0.8567487001419067
glacier,glacier,0.9993570446968079
glacier,glacier,0.759850025177002
glacier,glacier,0.9946091175079346
glacier,glacier,0.5512856245040894
glacier,glacier,0.9388525485992432
glacier,glacier,0.7413062453269958
glacier,glacier,0.7353335022926331
glacier,glacier,0.8829983472824097
glacier,mountain,0.5405724048614502
glacier,glacier,0.9014868140220642
glacier,glacier,0.9952162504196167
glacier,sea,0.9025633335113525
glacier,glacier,0.7873884439468384
glacier,glacier,0.9207419157028198
glacier,glacier,0.8022568821907043
glacier,glacier,0.8815650343894958
glacier,glacier,0.9609070420265198
glacier,glacier,0.989365816116333
glacier,glacier,0.9035993814468384
glacier,glacier,0.4240116477012634
glacier,mountain,0.5669645071029663
glacier,glacier,0.9992220401763916
glacier,glacier,0.9318690896034241
glacier,glacier,0.9447454214096069
glacier,glacier,0.6857203245162964
glacier,glacier,0.9935006499290466
glacier,glacier,0.9930084943771362
glacier,glacier,0.9999808073043823
glacier,mountain,0.6403812766075134
glacier,sea,0.5924890637397766
glacier,glacier,0.8339046835899353
glacier,glacier,0.7267230153083801
glacier,mountain,0.8647138476371765
glacier,mountain,0.5557307004928589
glacier,glacier,0.43273767828941345
glacier,mountain,0.6187466979026794
glacier,glacier,0.9865930676460266
glacier,glacier,0.997696578502655
glacier,forest,0.9054977297782898
glacier,glacier,0.491311252117157
glacier,glacier,0.6334439516067505
glacier,glacier,0.9035575985908508
glacier,glacier,0.7225496172904968
glacier,glacier,0.9866610169410706
glacier,mountain,0.5690756440162659
glacier,glacier,0.9281614422798157
glacier,glacier,0.9513169527053833
glacier,mountain,0.6000164747238159
glacier,glacier,0.9996758699417114
glacier,glacier,0.8818087577819824
glacier,glacier,0.9559122323989868
glacier,glacier,0.9998685121536255
glacier,glacier,0.9935791492462158
glacier,glacier,0.6238694787025452
glacier,glacier,0.9998445510864258
glacier,glacier,0.9717485904693604
glacier,glacier,0.9935595989227295
glacier,mountain,0.8245911002159119
glacier,glacier,0.9920279383659363
glacier,sea,0.700376033782959
glacier,glacier,0.6333292722702026
glacier,glacier,0.5749003887176514
glacier,glacier,0.9405679702758789
glacier,glacier,0.5172842741012573
glacier,glacier,0.989094078540802
glacier,mountain,0.7334825992584229
glacier,glacier,0.9503239393234253
glacier,glacier,0.8121166825294495
glacier,glacier,0.9978494644165039
glacier,mountain,0.47014692425727844
glacier,mountain,0.9246939420700073
glacier,mountain,0.4880220890045166
glacier,glacier,0.7818485498428345
glacier,mountain,0.3022048771381378
glacier,glacier,0.9994179010391235
glacier,glacier,0.7920370101928711
glacier,glacier,0.9957869648933411
glacier,mountain,0.6915550231933594
glacier,sea,0.8521016240119934
glacier,glacier,0.8917636871337891
glacier,glacier,0.46683210134506226
glacier,sea,0.5764766335487366
glacier,glacier,0.968204140663147
glacier,mountain,0.5963278412818909
glacier,glacier,0.849132776260376
glacier,glacier,0.9781675934791565
glacier,glacier,0.7761332392692566
glacier,glacier,0.935112714767456
glacier,glacier,0.8021525144577026
glacier,glacier,0.9947981834411621
glacier,glacier,0.9607661962509155
glacier,glacier,0.9964433312416077
glacier,mountain,0.661998987197876
glacier,sea,0.9804507493972778
glacier,glacier,0.9983513355255127
glacier,mountain,0.6677073836326599
glacier,glacier,0.9268486499786377
glacier,mountain,0.5856233835220337
glacier,glacier,0.9968757629394531
glacier,mountain,0.7869012951850891
glacier,glacier,0.9941377639770508
glacier,glacier,0.9395831823348999
glacier,glacier,0.9972062706947327
glacier,glacier,0.9766835570335388
glacier,mountain,0.8504643440246582
glacier,glacier,0.8168617486953735
glacier,glacier,0.997257649898529
glacier,mountain,0.7699403166770935
glacier,glacier,0.6940205097198486
glacier,glacier,0.7421343326568604
glacier,glacier,0.9902071356773376
glacier,glacier,0.945468008518219
glacier,glacier,0.9887325763702393
glacier,glacier,0.9964131712913513
glacier,sea,0.9224766492843628
glacier,mountain,0.5744789242744446
glacier,sea,0.4946277141571045
glacier,glacier,0.7782017588615417
glacier,sea,0.8736652731895447
glacier,sea,0.8240846395492554
glacier,glacier,0.801048755645752
glacier,glacier,0.9253339171409607
glacier,glacier,0.9212403297424316
glacier,buildings,0.5725891590118408
glacier,glacier,0.8811110258102417
glacier,glacier,0.8660943508148193
glacier,glacier,0.8475903272628784
glacier,glacier,0.8256875872612
glacier,mountain,0.879081130027771
glacier,glacier,0.9996230602264404
glacier,glacier,0.9967080354690552
glacier,glacier,0.9998223185539246
glacier,glacier,0.9013226628303528
glacier,glacier,0.8237636685371399
glacier,mountain,0.6338614225387573
glacier,glacier,0.6934669613838196
glacier,glacier,0.8800976872444153
glacier,glacier,0.9110919833183289
glacier,glacier,0.8563639521598816
glacier,glacier,0.7735442519187927
glacier,glacier,0.9968116879463196
glacier,sea,0.9805892705917358
glacier,glacier,0.9905380010604858
glacier,glacier,0.40821176767349243
glacier,glacier,0.44004109501838684
glacier,mountain,0.9300845861434937
glacier,glacier,0.8086496591567993
glacier,glacier,0.9598044157028198
glacier,glacier,0.9312848448753357
glacier,glacier,0.7440810799598694
glacier,glacier,0.668617308139801
glacier,mountain,0.451388418674469
glacier,glacier,0.6969194412231445
glacier,mountain,0.6983829140663147
glacier,buildings,0.7810317873954773
glacier,glacier,0.6103572845458984
glacier,sea,0.8270231485366821
glacier,glacier,0.9845421314239502
glacier,mountain,0.40642863512039185
glacier,glacier,0.9651744365692139
glacier,glacier,0.8240561485290527
glacier,glacier,0.9780116081237793
glacier,glacier,0.927467405796051
glacier,sea,0.9343262314796448
glacier,glacier,0.7939270734786987
glacier,glacier,0.8666465282440186
glacier,mountain,0.6000246405601501
glacier,glacier,0.7625408172607422
glacier,mountain,0.5004400610923767
glacier,glacier,0.9793484210968018
glacier,glacier,0.8966659903526306
glacier,glacier,0.9942200183868408
glacier,glacier,0.9788605570793152
glacier,glacier,0.9271522164344788
glacier,glacier,0.9473820924758911
glacier,glacier,0.6846098303794861
glacier,glacier,0.8650949597358704
glacier,glacier,0.9578768014907837
glacier,glacier,0.5317080616950989
glacier,glacier,0.7395343780517578
glacier,glacier,0.7370513081550598
glacier,glacier,0.9333783388137817
glacier,glacier,0.9987828135490417
glacier,mountain,0.3910079598426819
glacier,glacier,0.8239001035690308
glacier,mountain,0.9458637237548828
glacier,glacier,0.9817553758621216
glacier,glacier,0.7250154614448547
glacier,sea,0.9875664710998535
glacier,glacier,0.6614120006561279
glacier,mountain,0.5286587476730347
glacier,forest,0.4802481532096863
glacier,glacier,0.9863736629486084
glacier,glacier,0.9967117309570312
glacier,glacier,0.9898013472557068
glacier,glacier,0.9976582527160645
glacier,glacier,0.9831404089927673
glacier,glacier,0.9938454031944275
glacier,glacier,0.9506919384002686
glacier,glacier,0.9125027656555176
glacier,glacier,0.975459098815918
glacier,glacier,0.9921472668647766
glacier,glacier,0.8387356400489807
glacier,sea,0.4757224917411804
glacier,glacier,0.9415138959884644
glacier,glacier,0.7759551405906677
glacier,glacier,0.916061520576477
glacier,glacier,0.5829188823699951
glacier,glacier,0.8516294360160828
glacier,glacier,0.9990230798721313
glacier,glacier,0.6025854349136353
glacier,mountain,0.3608841896057129
glacier,glacier,0.8085832595825195
glacier,glacier,0.9949958324432373
glacier,glacier,0.9750096797943115
glacier,mountain,0.5904659628868103
glacier,glacier,0.7995275855064392
glacier,glacier,0.9133287668228149
glacier,glacier,0.7725302577018738
glacier,glacier,0.9999618530273438
glacier,glacier,0.9703130722045898
glacier,glacier,0.9834783673286438
glacier,glacier,0.8720225095748901
glacier,glacier,0.9354346990585327
glacier,glacier,0.9972366094589233
glacier,glacier,0.8686869740486145
glacier,glacier,0.9965576529502869
glacier,sea,0.5006219744682312
glacier,glacier,0.9427410364151001
glacier,glacier,0.9133710265159607
glacier,mountain,0.5279847979545593
glacier,glacier,0.5708431601524353
glacier,sea,0.7631480693817139
glacier,mountain,0.6287102103233337
glacier,glacier,0.6828001141548157
glacier,glacier,0.9921674132347107
glacier,glacier,0.9160729050636292
glacier,glacier,0.7672914862632751
glacier,sea,0.8292316794395447
glacier,glacier,0.5211988091468811
glacier,mountain,0.5295725464820862
glacier,glacier,0.8655231595039368
glacier,mountain,0.8023087382316589
glacier,mountain,0.9437476992607117
glacier,glacier,0.9870184659957886
glacier,glacier,0.9457303285598755
glacier,glacier,0.9937525391578674
glacier,glacier,0.8164104223251343
glacier,glacier,0.5447459816932678
glacier,glacier,0.5735981464385986
glacier,glacier,0.6205046772956848
glacier,glacier,0.9996856451034546
glacier,glacier,0.9144077301025391
glacier,sea,0.4813036620616913
glacier,glacier,0.9940904974937439
glacier,glacier,0.8711583614349365
glacier,glacier,0.8842991590499878
glacier,sea,0.7941553592681885
glacier,glacier,0.9936699271202087
glacier,glacier,0.9653488993644714
glacier,glacier,0.9976257681846619
glacier,mountain,0.7085953950881958
glacier,glacier,0.7769594192504883
mountain,mountain,0.7028371691703796
mountain,sea,0.5795163512229919
mountain,mountain,0.5121461749076843
mountain,mountain,0.9777612686157227
mountain,glacier,0.9760541915893555
mountain,mountain,0.967312216758728
mountain,glacier,0.8577069640159607
mountain,mountain,0.8086502552032471
mountain,mountain,0.9750663638114929
mountain,mountain,0.9245518445968628
mountain,mountain,0.8894901275634766
mountain,mountain,0.9448721408843994
mountain,mountain,0.5984331965446472
mountain,sea,0.7439075708389282
mountain,glacier,0.5635268688201904
mountain,glacier,0.8925495147705078
mountain,mountain,0.47577446699142456
mountain,mountain,0.9965709447860718
mountain,buildings,0.6275953650474548
mountain,mountain,0.6225650906562805
mountain,mountain,0.9676375985145569
mountain,mountain,0.9803271889686584
mountain,sea,0.530643880367279
mountain,mountain,0.9923422932624817
mountain,mountain,0.904000461101532
mountain,mountain,0.7459602952003479
mountain,sea,0.98044353723526
mountain,mountain,0.5457324385643005
mountain,mountain,0.5659254789352417
mountain,mountain,0.9603989124298096
mountain,mountain,0.7988777160644531
mountain,glacier,0.904483437538147
mountain,mountain,0.5430414080619812
mountain,mountain,0.974831223487854
mountain,buildings,0.5070250630378723
mountain,sea,0.5690814852714539
mountain,mountain,0.9710637331008911
mountain,mountain,0.7403087019920349
mountain,mountain,0.6256369948387146
mountain,mountain,0.9840360283851624
mountain,mountain,0.6577439308166504
mountain,mountain,0.7992592453956604
mountain,mountain,0.9272861480712891
mountain,mountain,0.8979129195213318
mountain,mountain,0.6696646213531494
mountain,mountain,0.3282993733882904
mountain,mountain,0.9844449758529663
mountain,glacier,0.50508052110672
mountain,mountain,0.5227408409118652
mountain,mountain,0.9447211623191833
mountain,mountain,0.6276054978370667
mountain,buildings,0.9389339685440063
mountain,mountain,0.9436455368995667
mountain,mountain,0.708056628704071
mountain,mountain,0.9074047207832336
mountain,mountain,0.6670613884925842
mountain,mountain,0.9192241430282593
mountain,mountain,0.7522310614585876
mountain,mountain,0.9562377333641052
mountain,mountain,0.6639487743377686
mountain,mountain,0.9846071600914001
mountain,sea,0.46604838967323303
mountain,mountain,0.5718455910682678
mountain,mountain,0.9004518985748291
mountain,mountain,0.9076426029205322
mountain,mountain,0.7845216393470764
mountain,mountain,0.9556628465652466
mountain,mountain,0.5703510642051697
mountain,glacier,0.9547718167304993
mountain,mountain,0.92305588722229
mountain,mountain,0.8810786604881287
mountain,glacier,0.9413641691207886
mountain,mountain,0.3781936764717102
mountain,mountain,0.8819120526313782
mountain,mountain,0.8408833742141724
mountain,forest,0.9315415620803833
mountain,mountain,0.9839271903038025
mountain,mountain,0.8827453255653381
mountain,mountain,0.5725592970848083
mountain,glacier,0.6129096150398254
mountain,mountain,0.621947169303894
mountain,sea,0.7782086730003357
mountain,mountain,0.6850528717041016
mountain,mountain,0.8411197066307068
mountain,mountain,0.9812018871307373
mountain,glacier,0.6632698178291321
mountain,mountain,0.7154869437217712
mountain,glacier,0.5596577525138855
mountain,glacier,0.6576924324035645
mountain,mountain,0.9309479594230652
mountain,mountain,0.9885686635971069
mountain,glacier,0.5844544172286987
mountain,sea,0.4259819984436035
mountain,mountain,0.979401171207428
mountain,mountain,0.7579619288444519
mountain,mountain,0.993800699710846
mountain,sea,0.9714682698249817
mountain,mountain,0.618914008140564
mountain,mountain,0.46863123774528503
mountain,mountain,0.9004434943199158
mountain,glacier,0.840612530708313
mountain,mountain,0.9523370862007141
mountain,mountain,0.8863291144371033
mountain,mountain,0.5373047590255737
mountain,mountain,0.9802250266075134
mountain,mountain,0.6107211709022522
mountain,glacier,0.5563075542449951
mountain,mountain,0.527858555316925
mountain,mountain,0.7116197347640991
mountain,mountain,0.8478934168815613
mountain,mountain,0.9277920722961426
mountain,mountain,0.5667626857757568
mountain,mountain,0.9784218072891235
mountain,mountain,0.9306817650794983
mountain,mountain,0.9300862550735474
mountain,mountain,0.8137291669845581
mountain,mountain,0.983308732509613
mountain,mountain,0.6275971531867981
mountain,mountain,0.6601254343986511
mountain,mountain,0.7102904319763184
mountain,glacier,0.8932086229324341
mountain,mountain,0.8948864936828613
mountain,mountain,0.4641123414039612
mountain,mountain,0.9525220990180969
mountain,mountain,0.9889094233512878
mountain,mountain,0.8388581871986389
mountain,glacier,0.6168899536132812
mountain,glacier,0.5307415127754211
mountain,mountain,0.8912257552146912
mountain,mountain,0.8899428844451904
mountain,mountain,0.9291865825653076
mountain,mountain,0.93017578125
mountain,mountain,0.5110827088356018
mountain,mountain,0.9240127205848694
mountain,mountain,0.9720768332481384
mountain,mountain,0.7977076768875122
mountain,glacier,0.9624704718589783
mountain,buildings,0.4932979643344879
mountain,mountain,0.9585209488868713
mountain,mountain,0.779874861240387
mountain,mountain,0.8906199932098389
mountain,mountain,0.9442626237869263
mountain,mountain,0.86374831199646
mountain,mountain,0.9232224822044373
mountain,mountain,0.46946394443511963
mountain,sea,0.9409781098365784
mountain,mountain,0.5034446120262146
mountain,sea,0.5945221781730652
mountain,glacier,0.6954519748687744
mountain,sea,0.6828629374504089
mountain,mountain,0.8729484677314758
mountain,mountain,0.9703909754753113
mountain,mountain,0.9157716035842896
mountain,glacier,0.6826911568641663
mountain,mountain,0.690886378288269
mountain,glacier,0.8166259527206421
mountain,mountain,0.8511539101600647
mountain,mountain,0.8285737037658691
mountain,sea,0.7453351020812988
mountain,mountain,0.6692042946815491
mountain,mountain,0.9885737895965576
mountain,mountain,0.936316967010498
mountain,mountain,0.9462690353393555
mountain,mountain,0.9909504652023315
mountain,mountain,0.6475452184677124
mountain,mountain,0.9580317139625549
mountain,mountain,0.8952397704124451
mountain,mountain,0.35546064376831055
mountain,mountain,0.6192107796669006
mountain,mountain,0.8811642527580261
mountain,mountain,0.666276752948761
mountain,mountain,0.6757710576057434
mountain,mountain,0.6673588156700134
mountain,mountain,0.959842324256897
mountain,mountain,0.8764998912811279
mountain,mountain,0.8050727844238281
mountain,mountain,0.5121889114379883
mountain,mountain,0.5058432817459106
mountain,sea,0.42339465022087097
mountain,mountain,0.9272617697715759
mountain,mountain,0.9383650422096252
mountain,glacier,0.8608260750770569
mountain,mountain,0.9163071513175964
mountain,mountain,0.9205756187438965
mountain,sea,0.43740010261535645
mountain,mountain,0.7648648619651794
mountain,mountain,0.9789745807647705
mountain,mountain,0.8658375144004822
mountain,mountain,0.7424302697181702
mountain,mountain,0.9217252135276794
mountain,mountain,0.7657986283302307
mountain,mountain,0.5751082301139832
mountain,glacier,0.7015283703804016
mountain,sea,0.5013853311538696
mountain,mountain,0.8735569715499878
mountain,glacier,0.9804362654685974
mountain,mountain,0.9439567923545837
mountain,sea,0.6092468500137329
mountain,mountain,0.18473464250564575
mountain,mountain,0.9597278833389282
mountain,mountain,0.5905519723892212
mountain,mountain,0.9019604325294495
mountain,mountain,0.9475612640380859
mountain,sea,0.6236205697059631
mountain,mountain,0.9633703231811523
mountain,mountain,0.818317174911499
mountain,mountain,0.7042399644851685
mountain,mountain,0.9902704954147339
mountain,mountain,0.6609818339347839
mountain,glacier,0.911222517490387
mountain,mountain,0.9512800574302673
mountain,mountain,0.9692162275314331
mountain,mountain,0.8496066927909851
mountain,sea,0.620991587638855
mountain,mountain,0.9541283845901489
mountain,mountain,0.6398707628250122
mountain,forest,0.9997829794883728
mountain,sea,0.20726622641086578
mountain,mountain,0.7564653754234314
mountain,mountain,0.9008100628852844
mountain,mountain,0.8944432139396667
mountain,sea,0.6286187767982483
mountain,glacier,0.5991986393928528
mountain,mountain,0.9792948961257935
mountain,sea,0.5157873630523682
mountain,glacier,0.702203631401062
mountain,glacier,0.7879214286804199
mountain,mountain,0.46782565116882324
mountain,glacier,0.5999208688735962
mountain,mountain,0.9315449595451355
mountain,mountain,0.9427013397216797
mountain,mountain,0.957423210144043
mountain,glacier,0.9469118714332581
mountain,mountain,0.6269465684890747
mountain,mountain,0.96702641248703
mountain,mountain,0.9710617065429688
mountain,glacier,0.7697471976280212
mountain,glacier,0.97712641954422
mountain,mountain,0.9685114622116089
mountain,mountain,0.9619970917701721
mountain,mountain,0.723272979259491
mountain,mountain,0.9217850565910339
mountain,mountain,0.7524756789207458
mountain,mountain,0.49035346508026123
mountain,mountain,0.7453110814094543
mountain,mountain,0.5895295143127441
mountain,mountain,0.8845872282981873
mountain,mountain,0.9845284819602966
mountain,mountain,0.6630296111106873
mountain,mountain,0.8869935870170593
mountain,mountain,0.9807603359222412
mountain,glacier,0.5877996683120728
mountain,mountain,0.880771815776825
mountain,glacier,0.6622213125228882
mountain,mountain,0.66392582654953
mountain,mountain,0.5128657221794128
mountain,mountain,0.9259794354438782
mountain,mountain,0.9555665254592896
mountain,mountain,0.9395062327384949
mountain,mountain,0.9605861902236938
mountain,mountain,0.4498262405395508
mountain,mountain,0.8402734398841858
mountain,sea,0.8786075115203857
mountain,mountain,0.9606344699859619
mountain,mountain,0.9334975481033325
mountain,mountain,0.9739181399345398
mountain,mountain,0.7414705157279968
mountain,mountain,0.8907133340835571
mountain,mountain,0.9468502998352051
mountain,mountain,0.9598838090896606
mountain,glacier,0.49955180287361145
mountain,sea,0.9620028138160706
mountain,mountain,0.9180364012718201
mountain,mountain,0.8316018581390381
mountain,mountain,0.8963798880577087
mountain,mountain,0.49357765913009644
mountain,sea,0.49780088663101196
mountain,sea,0.450395405292511
mountain,glacier,0.9103893637657166
mountain,mountain,0.9435452818870544
mountain,mountain,0.801089882850647
mountain,mountain,0.8646675944328308
mountain,mountain,0.9172549247741699
mountain,mountain,0.6125791668891907
mountain,mountain,0.7752746939659119
mountain,sea,0.559937596321106
mountain,mountain,0.3713895082473755
mountain,mountain,0.7804667353630066
mountain,mountain,0.9764877557754517
mountain,mountain,0.96966952085495
mountain,mountain,0.8751170635223389
mountain,mountain,0.9948903322219849
mountain,buildings,0.6117309331893921
mountain,mountain,0.9811036586761475
mountain,mountain,0.7830750942230225
mountain,mountain,0.9115154147148132
mountain,sea,0.6445080041885376
mountain,mountain,0.9688586592674255
mountain,sea,0.3805815875530243
mountain,sea,0.9278935790061951
mountain,mountain,0.9321584105491638
mountain,glacier,0.660080075263977
mountain,mountain,0.9881736636161804
mountain,mountain,0.8869574069976807
mountain,mountain,0.9495130777359009
mountain,glacier,0.665701150894165
mountain,mountain,0.8858610391616821
mountain,mountain,0.7353381514549255
mountain,mountain,0.8562245965003967
mountain,mountain,0.9910058975219727
mountain,mountain,0.749749481678009
mountain,mountain,0.9911834001541138
mountain,mountain,0.802754819393158
mountain,mountain,0.9394268989562988
mountain,mountain,0.9775938987731934
mountain,mountain,0.9634970426559448
mountain,mountain,0.8284728527069092
mountain,mountain,0.9286389946937561
mountain,mountain,0.9767752289772034
mountain,glacier,0.7191585302352905
mountain,glacier,0.6058152318000793
mountain,mountain,0.9402419924736023
mountain,sea,0.5554550886154175
mountain,mountain,0.9574680924415588
mountain,mountain,0.9546694755554199
mountain,mountain,0.7828882336616516
mountain,forest,0.9751498699188232
mountain,mountain,0.9859464764595032
mountain,mountain,0.5288159847259521
mountain,mountain,0.9267653226852417
mountain,mountain,0.8484375476837158
mountain,mountain,0.7356081604957581
mountain,mountain,0.7324320077896118
mountain,mountain,0.6327269077301025
mountain,mountain,0.9694162607192993
mountain,mountain,0.7912396192550659
mountain,mountain,0.7566583156585693
mountain,mountain,0.7794161438941956
mountain,mountain,0.8870619535446167
mountain,mountain,0.8954682946205139
mountain,mountain,0.9424614310264587
mountain,mountain,0.7115957140922546
mountain,mountain,0.7989047169685364
mountain,glacier,0.8792450428009033
mountain,mountain,0.8482078909873962
mountain,mountain,0.7509810924530029
mountain,mountain,0.8881973028182983
mountain,mountain,0.9019187092781067
mountain,mountain,0.8824052810668945
mountain,mountain,0.6812096238136292
mountain,mountain,0.9661707878112793
mountain,mountain,0.904289960861206
mountain,mountain,0.8021613359451294
mountain,mountain,0.8219743967056274
mountain,mountain,0.4749619960784912
mountain,mountain,0.9768974781036377
mountain,glacier,0.806183934211731
mountain,mountain,0.9579963684082031
mountain,mountain,0.8111161589622498
mountain,mountain,0.9600107073783875
mountain,mountain,0.9958637952804565
mountain,mountain,0.9320361018180847
mountain,mountain,0.9749128222465515
mountain,mountain,0.9556630849838257
mountain,mountain,0.648597240447998
mountain,mountain,0.9698588848114014
mountain,mountain,0.9470818638801575
mountain,mountain,0.9528912901878357
mountain,mountain,0.6588021516799927
mountain,mountain,0.869125247001648
mountain,glacier,0.6032232046127319
mountain,mountain,0.7565444111824036
mountain,mountain,0.40443694591522217
mountain,mountain,0.6270857453346252
mountain,mountain,0.8153355121612549
mountain,mountain,0.7687702775001526
mountain,mountain,0.9313050508499146
mountain,mountain,0.6587513089179993
mountain,mountain,0.9668241143226624
mountain,mountain,0.9308014512062073
mountain,sea,0.578641951084137
mountain,mountain,0.8008134365081787
mountain,mountain,0.7657185792922974
mountain,sea,0.9939737915992737
mountain,mountain,0.8754304051399231
mountain,mountain,0.9184388518333435
mountain,glacier,0.6077813506126404
mountain,mountain,0.9490149617195129
mountain,mountain,0.6325033903121948
mountain,mountain,0.9584468007087708
mountain,buildings,0.32885000109672546
mountain,mountain,0.9355837106704712
mountain,mountain,0.9303960204124451
mountain,mountain,0.9791066646575928
mountain,mountain,0.5706655383110046
mountain,mountain,0.7337206602096558
mountain,mountain,0.8565618991851807
mountain,sea,0.5385330319404602
mountain,mountain,0.7471177577972412
mountain,mountain,0.9870467185974121
mountain,sea,0.7269724607467651
mountain,mountain,0.5990500450134277
mountain,sea,0.8680534362792969
mountain,mountain,0.9478049874305725
mountain,mountain,0.8975325226783752
mountain,mountain,0.9668330550193787
mountain,mountain,0.9753620624542236
mountain,glacier,0.5612580180168152
mountain,mountain,0.5927406549453735
mountain,mountain,0.9442770481109619
mountain,mountain,0.7670532464981079
mountain,mountain,0.8690046668052673
mountain,mountain,0.9729949831962585
mountain,mountain,0.961517870426178
mountain,mountain,0.8471580147743225
mountain,mountain,0.6175336837768555
mountain,mountain,0.6078915596008301
mountain,mountain,0.8981116414070129
mountain,mountain,0.9511848092079163
mountain,mountain,0.9838250875473022
mountain,glacier,0.6789204478263855
mountain,mountain,0.5655652284622192
mountain,mountain,0.7338331937789917
mountain,mountain,0.9308722019195557
mountain,mountain,0.9720311164855957
mountain,mountain,0.9742090106010437
mountain,mountain,0.8642368912696838
mountain,glacier,0.7998208403587341
mountain,mountain,0.9341065883636475
mountain,mountain,0.6375099420547485
mountain,mountain,0.922886073589325
mountain,glacier,0.7052780985832214
mountain,forest,0.651423990726471
mountain,mountain,0.8160480856895447
mountain,mountain,0.9059092998504639
mountain,mountain,0.886530339717865
mountain,glacier,0.5170766711235046
mountain,mountain,0.98655766248703
mountain,mountain,0.9324245452880859
mountain,mountain,0.9016149044036865
mountain,sea,0.9364956021308899
mountain,mountain,0.8494603633880615
mountain,mountain,0.43997013568878174
mountain,mountain,0.9755386710166931
mountain,mountain,0.5872804522514343
mountain,mountain,0.8296088576316833
mountain,glacier,0.5130041241645813
mountain,mountain,0.802624523639679
mountain,mountain,0.7632664442062378
mountain,mountain,0.7088021039962769
mountain,mountain,0.8132273554801941
mountain,glacier,0.5839318037033081
mountain,mountain,0.8729135990142822
mountain,mountain,0.9774022102355957
mountain,mountain,0.7848485708236694
mountain,mountain,0.8888130784034729
mountain,mountain,0.9098895788192749
mountain,mountain,0.989624559879303
mountain,mountain,0.978822648525238
mountain,mountain,0.9492611885070801
mountain,mountain,0.7645297646522522
mountain,mountain,0.9777418971061707
mountain,mountain,0.6188091039657593
mountain,mountain,0.7825180888175964
mountain,mountain,0.6725029349327087
mountain,mountain,0.47041812539100647
mountain,glacier,0.793416440486908
mountain,mountain,0.9627572894096375
mountain,mountain,0.6363289952278137
mountain,mountain,0.8675544857978821
mountain,mountain,0.9627717137336731
mountain,glacier,0.9868401288986206
mountain,mountain,0.98610919713974
mountain,mountain,0.8857463002204895
mountain,mountain,0.7786090970039368
mountain,mountain,0.7625031471252441
mountain,mountain,0.7041707038879395
mountain,mountain,0.4224581718444824
mountain,glacier,0.47168147563934326
mountain,mountain,0.8447243571281433
mountain,glacier,0.637424886226654
mountain,mountain,0.8325889706611633
mountain,mountain,0.8618711829185486
mountain,mountain,0.9261093735694885
mountain,sea,0.9561898708343506
mountain,mountain,0.9950331449508667
mountain,mountain,0.7984305620193481
mountain,mountain,0.9848735332489014
mountain,mountain,0.9277876615524292
mountain,sea,0.8961437344551086
mountain,mountain,0.9154304265975952
mountain,glacier,0.8638330101966858
mountain,mountain,0.9148282408714294
mountain,mountain,0.9361433386802673
mountain,mountain,0.9823569059371948
mountain,sea,0.7236465811729431
mountain,glacier,0.6350902915000916
mountain,mountain,0.8991386890411377
mountain,mountain,0.9700495004653931
mountain,mountain,0.9689369797706604
mountain,mountain,0.9712780714035034
mountain,mountain,0.5589473247528076
mountain,mountain,0.9859352111816406
mountain,mountain,0.5705547332763672
mountain,mountain,0.47448161244392395
mountain,mountain,0.5399870872497559
mountain,sea,0.3774327337741852
mountain,mountain,0.5625342130661011
mountain,sea,0.9212073683738708
mountain,mountain,0.9452583193778992
mountain,mountain,0.749981701374054
mountain,mountain,0.9330095052719116
mountain,street,0.5785401463508606
mountain,mountain,0.9654057025909424
mountain,mountain,0.8841831684112549
mountain,mountain,0.9136461019515991
mountain,mountain,0.842522144317627
mountain,mountain,0.935381293296814
mountain,mountain,0.8943041563034058
mountain,mountain,0.736706554889679
mountain,sea,0.43182849884033203
mountain,mountain,0.939098596572876
mountain,mountain,0.8791267275810242
mountain,mountain,0.8292639851570129
mountain,mountain,0.9047767519950867
sea,sea,0.847312331199646
sea,forest,0.9208853244781494
sea,sea,0.9359256625175476
sea,sea,0.9586837887763977
sea,sea,0.9927219748497009
sea,sea,0.9518927335739136
sea,sea,0.7323775291442871
sea,sea,0.9997168183326721
sea,sea,0.908514142036438
sea,sea,0.9819921255111694
sea,sea,0.9481402039527893
sea,sea,0.99674391746521
sea,buildings,0.6176531314849854
sea,sea,0.9865266680717468
sea,sea,0.6512380838394165
sea,glacier,0.45485544204711914
sea,sea,0.9550822973251343
sea,sea,0.9396213889122009
sea,sea,0.9960272312164307
sea,glacier,0.6411212086677551
sea,sea,0.538368821144104
sea,sea,0.9891002774238586
sea,sea,0.9093085527420044
sea,sea,0.848618745803833
sea,sea,0.7288109660148621
sea,glacier,0.9807689189910889
sea,sea,0.8990058898925781
sea,sea,0.5640326142311096
sea,sea,0.9995742440223694
sea,sea,0.6074095964431763
sea,sea,0.3592495024204254
sea,sea,0.9920823574066162
sea,sea,0.8049110174179077
sea,sea,0.9984807372093201
sea,sea,0.47257089614868164
sea,sea,0.9720588326454163
sea,sea,0.6545246243476868
sea,sea,0.9970362186431885
sea,sea,0.9784383773803711
sea,sea,0.9880331754684448
sea,sea,0.9590698480606079
sea,sea,0.9999009370803833
sea,sea,0.9980354905128479
sea,sea,0.9991163611412048
sea,sea,0.9992861151695251
sea,sea,0.9770102500915527
sea,glacier,0.7904954552650452
sea,sea,0.9865825772285461
sea,sea,0.9929786324501038
sea,sea,0.8365957140922546
sea,sea,0.9947965741157532
sea,sea,0.985630214214325
sea,sea,0.9938296675682068
sea,sea,0.9608144760131836
sea,mountain,0.649962842464447
sea,sea,0.9145925641059875
sea,sea,0.35707351565361023
sea,sea,0.9771274924278259
sea,sea,0.9999759197235107
sea,sea,0.9887584447860718
sea,sea,0.789771318435669
sea,sea,0.7425010800361633
sea,sea,0.7429540753364563
sea,mountain,0.709083080291748
sea,sea,0.950958788394928
sea,street,0.9558882713317871
sea,sea,0.9870657920837402
sea,sea,0.9447519183158875
sea,sea,0.9987797141075134
sea,sea,0.9995986819267273
sea,sea,0.2541939318180084
sea,sea,0.9734659194946289
sea,sea,0.9506080150604248
sea,sea,0.9961601495742798
sea,sea,0.9850299954414368
sea,sea,0.9142283201217651
sea,street,0.4112479090690613
sea,sea,0.7350033521652222
sea,sea,0.622065544128418
sea,buildings,0.8999426960945129
sea,sea,0.9211167097091675
sea,sea,0.6929041743278503
sea,sea,0.9635530710220337
sea,sea,0.9841961860656738
sea,sea,0.7131897211074829
sea,sea,0.9525250196456909
sea,glacier,0.9364234805107117
sea,sea,0.9972358345985413
sea,sea,0.9331983923912048
sea,sea,0.9817498922348022
sea,sea,0.9907978773117065
sea,sea,0.9642044901847839
sea,sea,0.7836089730262756
sea,forest,0.5228264927864075
sea,sea,0.7227328419685364
sea,sea,0.8388968706130981
sea,sea,0.9393622279167175
sea,sea,0.7257022261619568
sea,sea,0.7690494060516357
sea,sea,0.9329959750175476
sea,sea,0.5835534334182739
sea,sea,0.9987848401069641
sea,sea,0.9988721013069153
sea,sea,0.9596839547157288
sea,sea,0.9645163416862488
sea,sea,0.9942252039909363
sea,sea,0.46937090158462524
sea,sea,0.9930023550987244
sea,sea,0.9884649515151978
sea,sea,0.9981188178062439
sea,glacier,0.4420052468776703
sea,sea,0.9778327345848083
sea,sea,0.9836773872375488
sea,sea,0.9094401001930237
sea,sea,0.8523419499397278
sea,sea,0.9999454021453857
sea,sea,0.9801083207130432
sea,sea,0.9411633610725403
sea,sea,0.9482222199440002
sea,sea,0.9924435019493103
sea,buildings,0.27928784489631653
sea,sea,0.7917487621307373
sea,forest,0.5508902668952942
sea,sea,0.9169881939888
sea,sea,0.9279824495315552
sea,sea,0.9819478988647461
sea,mountain,0.7127549052238464
sea,sea,0.5106073617935181
sea,sea,0.22405578196048737
sea,sea,0.9636016488075256
sea,sea,0.6788875460624695
sea,sea,0.9731798768043518
sea,sea,0.7346566319465637
sea,sea,0.9980485439300537
sea,sea,0.9033351540565491
sea,sea,0.8343523740768433
sea,sea,0.9959750771522522
sea,sea,0.9872031807899475
sea,sea,0.9874624609947205
sea,sea,0.9886886477470398
sea,sea,0.9767184853553772
sea,sea,0.997073769569397
sea,sea,0.9984063506126404
sea,sea,0.999860405921936
sea,sea,0.7369129657745361
sea,sea,0.9458534717559814
sea,sea,0.43937766551971436
sea,sea,0.9977061748504639
sea,sea,0.4433320164680481
sea,sea,0.8291847705841064
sea,sea,0.9930718541145325
sea,sea,0.918929934501648
sea,sea,0.571956992149353
sea,sea,0.46780312061309814
sea,sea,0.9953436255455017
sea,sea,0.9969995021820068
sea,sea,0.9964336156845093
sea,sea,0.9498286247253418
sea,sea,0.9815951585769653
sea,sea,0.9582971334457397
sea,sea,0.18772639334201813
sea,sea,0.968350350856781
sea,sea,0.9999104738235474
sea,sea,0.8625374436378479
sea,sea,0.9765638113021851
sea,sea,0.9726511240005493
sea,sea,0.9773536920547485
sea,mountain,0.5125854015350342
sea,sea,0.8687003254890442
sea,sea,0.9853065013885498
sea,sea,0.6906651854515076
sea,sea,0.9877654314041138
sea,sea,0.9234986305236816
sea,sea,0.778998851776123
sea,sea,0.974685788154602
sea,sea,0.9975212216377258
sea,sea,0.9951143264770508
sea,sea,0.9003896713256836
sea,sea,0.967285692691803
sea,buildings,0.41079893708229065
sea,sea,0.9862778782844543
sea,sea,0.9651073813438416
sea,sea,0.9870343804359436
sea,sea,0.9969419836997986
sea,sea,0.7273826003074646
sea,sea,0.9757754802703857
sea,sea,0.9924995303153992
sea,sea,0.9630913138389587
sea,sea,0.9931738972663879
sea,sea,0.9837560653686523
sea,sea,0.9671215415000916
sea,sea,0.994607150554657
sea,sea,0.8178728222846985
sea,sea,0.9863422513008118
sea,sea,0.9999597072601318
sea,sea,0.9993987083435059
sea,sea,0.9987163543701172
sea,sea,0.9962839484214783
sea,sea,0.9937360286712646
sea,sea,0.9976077079772949
sea,sea,0.4088329076766968
sea,sea,0.7824245095252991
sea,sea,0.9983780384063721
sea,sea,0.9278903007507324
sea,sea,0.9824475646018982
sea,sea,0.9961603879928589
sea,sea,0.9918904304504395
sea,sea,0.43582725524902344
sea,sea,0.9971592426300049
sea,sea,0.6111422777175903
sea,sea,0.9863929152488708
sea,sea,0.8969730138778687
sea,sea,0.2634040117263794
sea,sea,0.9254084229469299
sea,sea,0.7911496758460999
sea,sea,0.908680260181427
sea,sea,0.9808030128479004
sea,sea,0.9788777232170105
sea,sea,0.9834012985229492
sea,forest,0.8727913498878479
sea,sea,0.547616720199585
sea,buildings,0.27448412775993347
sea,sea,0.9678718447685242
sea,sea,0.4532771408557892
sea,sea,0.8375324606895447
sea,sea,0.9957032799720764
sea,sea,0.992344081401825
sea,sea,0.605225682258606
sea,sea,0.9331182241439819
sea,sea,0.9740043878555298
sea,sea,0.9923160076141357
sea,sea,0.9761577844619751
sea,sea,0.9343782663345337
sea,sea,0.8740033507347107
sea,sea,0.8946877121925354
sea,sea,0.9794537425041199
sea,sea,0.7546790242195129
sea,sea,0.8617832660675049
sea,sea,0.991400420665741
sea,sea,0.8930686116218567
sea,sea,0.6894195675849915
sea,sea,0.8955363631248474
sea,sea,0.9997789263725281
sea,sea,0.9694376587867737
sea,sea,0.9756936430931091
sea,glacier,0.7177202105522156
sea,sea,0.9576568007469177
sea,sea,0.8313202261924744
sea,sea,0.7542427778244019
sea,glacier,0.6656084656715393
sea,sea,0.9125956892967224
sea,sea,0.9432852864265442
sea,sea,0.9952898025512695
sea,sea,0.7392681241035461
sea,sea,0.5849006175994873
sea,sea,0.9741808772087097
sea,sea,0.9969862103462219
sea,sea,0.7667304873466492
sea,sea,0.9994327425956726
sea,sea,0.4871774911880493
sea,sea,0.852874219417572
sea,sea,0.9926349520683289
sea,sea,0.9818136692047119
sea,sea,0.8302481174468994
sea,sea,0.5576867461204529
sea,sea,0.958597719669342
sea,sea,0.8971567749977112
sea,sea,0.9441202878952026
sea,sea,0.9949629306793213
sea,sea,0.9999368190765381
sea,sea,0.6655852198600769
sea,sea,0.9991217255592346
sea,sea,0.49121418595314026
sea,sea,0.9959264993667603
sea,sea,0.9971610307693481
sea,sea,0.9068708419799805
sea,sea,0.990105926990509
sea,sea,0.7756871581077576
sea,sea,0.9996787309646606
sea,mountain,0.5241215229034424
sea,sea,0.8304365277290344
sea,sea,0.49600738286972046
sea,buildings,0.5192071199417114
sea,sea,0.9948261380195618
sea,sea,0.9946314096450806
sea,sea,0.9303274154663086
sea,mountain,0.557135283946991
sea,sea,0.9757161140441895
sea,sea,0.9733967781066895
sea,sea,0.9624095559120178
sea,sea,0.8034331202507019
sea,sea,0.9986940026283264
sea,sea,0.9972596168518066
sea,sea,0.989050030708313
sea,sea,0.9492586255073547
sea,sea,0.9992462396621704
sea,sea,0.9860582947731018
sea,sea,0.9569713473320007
sea,sea,0.8247051239013672
sea,sea,0.9182962775230408
sea,sea,0.7078701257705688
sea,sea,0.989784300327301
sea,sea,0.9778963327407837
sea,sea,0.923128604888916
sea,sea,0.9975798726081848
sea,sea,0.7483978271484375
sea,sea,0.9878824949264526
sea,sea,0.9133576154708862
sea,sea,0.6014101505279541
sea,sea,0.5097202658653259
sea,sea,0.9722384214401245
sea,mountain,0.5331996083259583
sea,sea,0.7184668183326721
sea,sea,0.9827572107315063
sea,sea,0.9634234309196472
sea,sea,0.8216924667358398
sea,sea,0.8972029685974121
sea,sea,0.8555956482887268
sea,sea,0.7908858060836792
sea,sea,0.9851551651954651
sea,sea,0.6918484568595886
sea,sea,0.9789713621139526
sea,sea,0.8542981147766113
sea,street,0.25342196226119995
sea,sea,0.9895780086517334
sea,sea,0.9964237809181213
sea,sea,0.9982104301452637
sea,sea,0.9841014742851257
sea,sea,0.9057546854019165
sea,sea,0.9993684887886047
sea,buildings,0.8057146668434143
sea,street,0.36170265078544617
sea,sea,0.9768276214599609
sea,sea,0.8327375054359436
sea,sea,0.7546010613441467
sea,sea,0.8285295963287354
sea,sea,0.9203246235847473
sea,sea,0.5597952604293823
sea,sea,0.8983023762702942
sea,sea,0.9534500241279602
sea,sea,0.993438184261322
sea,sea,0.9232914447784424
sea,sea,0.9989835619926453
sea,sea,0.996468186378479
sea,sea,0.9268683195114136
sea,sea,0.7859605550765991
sea,sea,0.985283613204956
sea,sea,0.9831885695457458
sea,sea,0.9024718999862671
sea,sea,0.8963192701339722
sea,sea,0.8376400470733643
sea,sea,0.9089697003364563
sea,sea,0.9965484738349915
sea,sea,0.9827871322631836
sea,sea,0.9812960028648376
sea,buildings,0.9979933500289917
sea,sea,0.8796523809432983
sea,sea,0.9779401421546936
sea,sea,0.9066268801689148
sea,sea,0.9888132214546204
sea,sea,0.9865062832832336
sea,glacier,0.501639187335968
sea,sea,0.8844611644744873
sea,sea,0.992558479309082
sea,sea,0.9065970182418823
sea,sea,0.9978600144386292
sea,sea,0.8679872155189514
sea,sea,0.9785817265510559
sea,sea,0.7383406162261963
sea,sea,0.9993261098861694
sea,sea,0.7242502570152283
sea,sea,0.9968780279159546
sea,sea,0.9178465604782104
sea,sea,0.6535490155220032
sea,sea,0.7150265574455261
sea,sea,0.9482375383377075
sea,sea,0.9541480541229248
sea,sea,0.993482768535614
sea,sea,0.7450949549674988
sea,sea,0.998489499092102
sea,buildings,0.9993215799331665
sea,sea,0.9382784366607666
sea,sea,0.9564224481582642
sea,sea,0.9700556993484497
sea,sea,0.9949186444282532
sea,sea,0.9839878082275391
sea,sea,0.9919845461845398
sea,sea,0.9828792214393616
sea,sea,0.9953115582466125
sea,forest,0.9994246959686279
sea,sea,0.995566189289093
sea,sea,0.9457046985626221
sea,sea,0.994967520236969
sea,sea,0.8107480406761169
sea,sea,0.7592350840568542
sea,buildings,0.39425766468048096
sea,sea,0.9994319081306458
sea,sea,0.934037446975708
sea,sea,0.9901453256607056
sea,sea,0.9990719556808472
sea,sea,0.38584646582603455
sea,sea,0.9888521432876587
sea,sea,0.9818874597549438
sea,buildings,0.47988566756248474
sea,sea,0.9706782102584839
sea,sea,0.9778257608413696
sea,sea,0.9409811496734619
sea,sea,0.9903203845024109
sea,sea,0.9216174483299255
sea,sea,0.8852569460868835
sea,sea,0.8049585223197937
sea,sea,0.9349291920661926
sea,sea,0.5429624319076538
sea,sea,0.8370596766471863
sea,sea,0.9897311329841614
sea,sea,0.9971651434898376
sea,sea,0.7979787588119507
sea,mountain,0.5940780639648438
sea,sea,0.98056960105896
sea,forest,0.6724542379379272
sea,sea,0.970118522644043
sea,sea,0.9997192025184631
sea,sea,0.9686816930770874
sea,sea,0.9886156916618347
sea,sea,0.5724256038665771
sea,sea,0.9822399616241455
sea,sea,0.7482049465179443
sea,sea,0.9995954632759094
sea,sea,0.9975306391716003
sea,sea,0.5798313021659851
sea,sea,0.9495682120323181
sea,sea,0.9949823021888733
sea,sea,0.9143686294555664
sea,sea,0.7158722281455994
sea,sea,0.9402880668640137
sea,sea,0.8720322847366333
sea,sea,0.9915881752967834
sea,mountain,0.4615965485572815
sea,sea,0.8553743362426758
sea,sea,0.9755315780639648
sea,sea,0.9209176898002625
sea,sea,0.5876190066337585
sea,sea,0.971961259841919
sea,sea,0.9837000966072083
sea,sea,0.7435325384140015
sea,sea,0.9831730127334595
sea,sea,0.9992213249206543
sea,sea,0.7993480563163757
sea,sea,0.3105561435222626
sea,sea,0.9891915917396545
sea,sea,0.9882070422172546
sea,sea,0.9884881377220154
sea,sea,0.9044167995452881
sea,sea,0.548905611038208
sea,sea,0.7667489647865295
sea,sea,0.9425066709518433
sea,sea,0.9940067529678345
sea,sea,0.942187488079071
sea,sea,0.9995031356811523
sea,sea,0.8768969178199768
sea,sea,0.9978309273719788
sea,sea,0.9867030382156372
sea,sea,0.9239354729652405
sea,sea,0.9943515062332153
sea,sea,0.8410089015960693
sea,sea,0.9852812886238098
sea,sea,0.894761860370636
sea,sea,0.9970152378082275
sea,sea,0.8934550285339355
sea,mountain,0.8108351826667786
sea,sea,0.9854573607444763
sea,sea,0.9995170831680298
sea,sea,0.9988042116165161
sea,sea,0.9245318174362183
sea,mountain,0.7309932708740234
sea,sea,0.9947342872619629
sea,sea,0.9986205101013184
sea,sea,0.8266055583953857
sea,sea,0.9927347898483276
sea,sea,0.7171101570129395
sea,sea,0.9962071180343628
sea,sea,0.9494801759719849
sea,sea,0.8501949906349182
sea,sea,0.8250507712364197
sea,sea,0.88567054271698
sea,sea,0.8886233568191528
sea,sea,0.9769096374511719
sea,sea,0.9773030877113342
sea,sea,0.8172741532325745
sea,sea,0.9804674386978149
sea,glacier,0.8754355311393738
sea,sea,0.9725461006164551
sea,sea,0.7535639405250549
sea,mountain,0.6767293214797974
sea,buildings,0.5670608878135681
sea,sea,0.7953020930290222
sea,sea,0.9920742511749268
sea,sea,0.9896337985992432
sea,sea,0.944247841835022
sea,sea,0.9942318797111511
sea,sea,0.9324830174446106
sea,sea,0.9978183507919312
sea,sea,0.9969090819358826
sea,buildings,0.5753493309020996
sea,sea,0.7538986206054688
sea,sea,0.9862646460533142
sea,sea,0.9994345307350159
sea,sea,0.8569031357765198
sea,sea,0.9557181596755981
sea,sea,0.9808610081672668
street,street,0.5847377777099609
street,buildings,0.5510575771331787
street,street,0.9860773086547852
street,street,0.9925468564033508
street,street,0.7152839303016663
street,street,0.8617022633552551
street,street,0.9996873140335083
street,street,0.997802197933197
street,street,0.8934494853019714
street,street,0.9871647357940674
street,street,0.5680984854698181
street,street,0.9783096313476562
street,street,0.9992163181304932
street,street,0.5702905654907227
street,street,0.9755042791366577
street,street,0.9880682826042175
street,street,0.912038266658783
street,buildings,0.9514942169189453
street,street,0.7170390486717224
street,street,0.9497199058532715
street,street,0.9994077682495117
street,street,0.9437660574913025
street,street,0.946905791759491
street,street,0.7062819600105286
street,street,0.9973762035369873
street,street,0.9895079135894775
street,street,0.9992982149124146
street,street,0.9982372522354126
street,forest,0.7236918807029724
street,street,0.9640392661094666
street,street,0.5420894026756287
street,street,0.985988199710846
street,buildings,0.9580984711647034
street,street,0.7065824866294861
street,street,0.9938951134681702
street,street,0.8258830308914185
street,street,0.8029214143753052
street,street,0.6027809381484985
street,street,0.968502402305603
street,street,0.9995214939117432
street,street,0.9196646809577942
street,street,0.9825549125671387
street,street,0.99835604429245
street,buildings,0.7967348694801331
street,buildings,0.9967656135559082
street,buildings,0.6394580006599426
street,street,0.6957990527153015
street,street,0.5047267079353333
street,street,0.9882015585899353
street,street,0.8381032347679138
street,street,0.6621885299682617
street,street,0.3824584186077118
street,street,0.9904299378395081
street,street,0.9372296333312988
street,street,0.9088408350944519
street,street,0.9996594190597534
street,street,0.7984512448310852
street,street,0.7997133731842041
street,buildings,0.9556376934051514
street,street,0.6536583304405212
street,buildings,0.611579179763794
street,street,0.9461950063705444
street,street,0.9790369868278503
street,street,0.8454410433769226
street,street,0.6089642643928528
street,street,0.9636845588684082
street,street,0.9773287177085876
street,buildings,0.9293584823608398
street,buildings,0.7533054947853088
street,street,0.9872417449951172
street,buildings,0.6589380502700806
street,street,0.992236316204071
street,street,0.8992162942886353
street,street,0.872356116771698
street,forest,0.5361502170562744
street,street,0.9813900589942932
street,street,0.9800767302513123
street,street,0.9388059973716736
street,street,0.7777921557426453
street,street,0.7707666754722595
street,street,0.9635986685752869
street,street,0.8516477942466736
street,street,0.9844567179679871
street,street,0.9093290567398071
street,street,0.9892097115516663
street,buildings,0.9876253008842468
street,street,0.98646080493927
street,street,0.92657071352005
street,street,0.709131121635437
street,mountain,0.5180057287216187
street,street,0.9082435369491577
street,street,0.5335420370101929
street,sea,0.359053373336792
street,street,0.9987438321113586
street,street,0.9991651773452759
street,street,0.9721501469612122
street,street,0.9952681660652161
street,street,0.9320719838142395
street,street,0.734900951385498
street,street,0.5469235777854919
street,street,0.9997833371162415
street,street,0.9675424098968506
street,street,0.9816554188728333
street,street,0.9952530860900879
street,street,0.9410163164138794
street,buildings,0.5105916261672974
street,street,0.9970867037773132
street,street,0.981147825717926
street,street,0.9737319350242615
street,street,0.9162911772727966
street,street,0.999305248260498
street,street,0.9155610799789429
street,street,0.9956670999526978
street,street,0.980720579624176
street,street,0.9981132745742798
street,street,0.9938179850578308
street,street,0.8892250061035156
street,street,0.9922606348991394
street,buildings,0.9827279448509216
street,street,0.9943525791168213
street,street,0.9682336449623108
street,street,0.9382438063621521
street,street,0.9799864888191223
street,buildings,0.7883404493331909
street,street,0.9389325380325317
street,street,0.9661374092102051
street,buildings,0.8013294339179993
street,buildings,0.5097832083702087
street,buildings,0.680290699005127
street,street,0.7945700883865356
street,street,0.46654123067855835
street,buildings,0.6228129863739014
street,street,0.9578081965446472
street,street,0.9960291385650635
street,street,0.9905982613563538
street,street,0.9982563853263855
street,street,0.8154333233833313
street,street,0.7724283933639526
street,street,0.9785056114196777
street,street,0.9992997646331787
street,street,0.8311835527420044
street,street,0.4915313124656677
street,forest,0.9001551270484924
street,street,0.9487293362617493
street,buildings,0.8588690757751465
street,street,0.9994947910308838
street,street,0.8629981875419617
street,street,0.9178735613822937
street,street,0.944251537322998
street,street,0.9988609552383423
street,street,0.9059972763061523
street,street,0.9284637570381165
street,forest,0.9997846484184265
street,street,0.9063302874565125
street,street,0.8414017558097839
street,buildings,0.8521931767463684
street,street,0.919810950756073
street,street,0.9083905816078186
street,street,0.9990230798721313
street,street,0.9982292056083679
street,street,0.997948944568634
street,sea,0.7654332518577576
street,street,0.9686511158943176
street,street,0.6134392619132996
street,street,0.9610742926597595
street,street,0.5612198114395142
street,buildings,0.4938083589076996
street,street,0.9955888986587524
street,street,0.9521029591560364
street,street,0.5208795666694641
street,street,0.9890738129615784
street,street,0.9962707757949829
street,buildings,0.9546125531196594
street,buildings,0.6521777510643005
street,street,0.9536067843437195
street,street,0.8088163733482361
street,street,0.6677996516227722
street,street,0.9955594539642334
street,street,0.9915721416473389
street,buildings,0.9461039304733276
street,street,0.7184798121452332
street,street,0.8578256964683533
street,street,0.9719350337982178
street,street,0.9631695747375488
street,street,0.9811859130859375
street,street,0.9988468885421753
street,street,0.9663946628570557
street,street,0.9578068852424622
street,glacier,0.9682610630989075
street,street,0.958808183670044
street,street,0.9925501346588135
street,buildings,0.9924103021621704
street,street,0.8905304670333862
street,street,0.9204420447349548
street,street,0.9624542593955994
street,buildings,0.8438100814819336
street,forest,0.4355607330799103
street,buildings,0.9413570761680603
street,street,0.9847255349159241
street,street,0.973942220211029
street,street,0.9355762600898743
street,buildings,0.7352933883666992
street,buildings,0.9977049231529236
street,street,0.614163339138031
street,street,0.9131104946136475
street,buildings,0.9149593114852905
street,street,0.8129602670669556
street,street,0.9957674741744995
street,street,0.920546293258667
street,street,0.9979941844940186
street,street,0.8353909850120544
street,street,0.8988723754882812
street,street,0.8958342671394348
street,street,0.9866161346435547
street,street,0.9199265837669373
street,forest,0.9926649928092957
street,street,0.847551167011261
street,buildings,0.6875593662261963
street,street,0.8822104930877686
street,street,0.9506136178970337
street,street,0.8352934122085571
street,street,0.7025553584098816
street,street,0.9596697092056274
street,street,0.9414684176445007
street,buildings,0.7940818667411804
street,street,0.6405526399612427
street,street,0.9661951661109924
street,street,0.9894356727600098
street,street,0.9700396656990051
street,street,0.7808030843734741
street,street,0.8384127616882324
street,street,0.9917882084846497
street,sea,0.743053138256073
street,street,0.658758282661438
street,street,0.9886932969093323
street,street,0.9742193222045898
street,street,0.9772096276283264
street,street,0.9639168977737427
street,street,0.9363794922828674
street,street,0.9971306920051575
street,street,0.9633721113204956
street,street,0.8781692385673523
street,street,0.9993852376937866
street,buildings,0.6492701768875122
street,buildings,0.7247145175933838
street,buildings,0.8422397971153259
street,forest,0.9256740212440491
street,street,0.9851124882698059
street,buildings,0.55088871717453
street,street,0.9592447876930237
street,street,0.9459797739982605
street,street,0.9861611127853394
street,buildings,0.2421426773071289
street,street,0.7847939729690552
street,street,0.9557472467422485
street,street,0.8794848918914795
street,street,0.9955216646194458
street,street,0.6758106350898743
street,street,0.8741336464881897
street,buildings,0.656033456325531
street,street,0.8481492400169373
street,buildings,0.9185128808021545
street,buildings,0.6880424618721008
street,street,0.989621639251709
street,street,0.4870547950267792
street,street,0.961713969707489
street,street,0.7307590246200562
street,street,0.9989848732948303
street,street,0.9977453351020813
street,street,0.9706773161888123
street,buildings,0.9837855100631714
street,buildings,0.9636795520782471
street,street,0.7047768831253052
street,street,0.6259488463401794
street,street,0.6280620694160461
street,buildings,0.8018192648887634
street,street,0.9995018243789673
street,buildings,0.3436199426651001
street,street,0.9382359385490417
street,street,0.9785046577453613
street,street,0.5853392481803894
street,buildings,0.7607806921005249
street,street,0.9621413946151733
street,street,0.988491415977478
street,glacier,0.493109792470932
street,street,0.9819927215576172
street,street,0.9404227137565613
street,street,0.9858884215354919
street,street,0.8302938342094421
street,street,0.9802424311637878
street,buildings,0.8878176212310791
street,street,0.987480103969574
street,street,0.8754964470863342
street,street,0.8836468458175659
street,street,0.997946560382843
street,buildings,0.8389147520065308
street,street,0.5966610908508301
street,buildings,0.37172195315361023
street,street,0.9834524989128113
street,street,0.9255008101463318
street,buildings,0.705712616443634
street,street,0.9986416697502136
street,street,0.5277414321899414
street,street,0.9597703814506531
street,street,0.8131844997406006
street,street,0.9990471005439758
street,forest,0.9811716079711914
street,street,0.792073130607605
street,street,0.7086462378501892
street,street,0.846603512763977
street,street,0.937441885471344
street,street,0.8732249736785889
street,buildings,0.2984449863433838
street,street,0.9566577076911926
street,street,0.9744424819946289
street,street,0.8604302406311035
street,street,0.9062328934669495
street,buildings,0.6953178644180298
street,street,0.44281119108200073
street,street,0.9748653173446655
street,buildings,0.5485482811927795
street,street,0.9987215399742126
street,street,0.9980596899986267
street,street,0.9802650213241577
street,street,0.9989209175109863
street,forest,0.857501745223999
street,forest,0.8677608966827393
street,street,0.9187883138656616
street,street,0.9883600473403931
street,street,0.9983093738555908
street,forest,0.47870171070098877
street,street,0.9970466494560242
street,street,0.9730567336082458
street,street,0.9859494566917419
street,street,0.9097400903701782
street,street,0.9522428512573242
street,buildings,0.7079343795776367
street,street,0.976121187210083
street,street,0.6273154020309448
street,mountain,0.5531363487243652
street,street,0.9333148002624512
street,street,0.9888036847114563
street,street,0.9912585616111755
street,street,0.9435141682624817
street,street,0.7830850481987
street,street,0.997833788394928
street,street,0.9976828098297119
street,street,0.9522265195846558
street,street,0.5561701059341431
street,street,0.9955506324768066
street,street,0.9971741437911987
street,buildings,0.7797415256500244
street,street,0.5614680051803589
street,street,0.9821382761001587
street,street,0.9647384285926819
street,street,0.7266542911529541
street,street,0.9237737059593201
street,mountain,0.5890704393386841
street,street,0.7262599468231201
street,street,0.9960532188415527
street,street,0.944840133190155
street,street,0.9459691047668457
street,street,0.7838549017906189
street,street,0.9986814856529236
street,street,0.7980720400810242
street,street,0.9762054681777954
street,street,0.994584858417511
street,street,0.8929945826530457
street,street,0.9956145286560059
street,street,0.8956495523452759
street,street,0.9993578791618347
street,street,0.882419228553772
street,street,0.9683522582054138
street,street,0.9862516522407532
street,street,0.969541072845459
street,buildings,0.8858439922332764
street,buildings,0.965030312538147
street,street,0.5831568837165833
street,street,0.9961534142494202
street,buildings,0.756737232208252
street,street,0.6294053196907043
street,street,0.9304225444793701
street,buildings,0.5366768836975098
street,buildings,0.923999011516571
street,street,0.9546487927436829
street,buildings,0.7324268817901611
street,street,0.9949883818626404
street,street,0.5948354005813599
street,street,0.8509399890899658
street,street,0.8602522015571594
street,street,0.9816755652427673
street,street,0.7366399168968201
street,street,0.9648046493530273
street,street,0.9991239905357361
street,buildings,0.43873491883277893
street,street,0.9838327765464783
street,street,0.6562364101409912
street,street,0.9522979855537415
street,street,0.9811521768569946
street,street,0.6599680185317993
street,street,0.9928227066993713
street,street,0.966437816619873
street,street,0.9937798380851746
street,street,0.9857959747314453
street,forest,0.7015267610549927
street,street,0.6944436430931091
street,street,0.9996726512908936
street,street,0.7568731307983398
street,buildings,0.750393807888031
street,street,0.9152925610542297
street,buildings,0.6430530548095703
street,street,0.9927888512611389
street,street,0.8563129901885986
street,buildings,0.5152957439422607
street,street,0.9671799540519714
street,street,0.6422957181930542
street,street,0.8110967874526978
street,street,0.9994320273399353
street,street,0.9876026511192322
street,street,0.9969209432601929
street,street,0.9889079928398132
street,street,0.8056554794311523
street,buildings,0.8031917810440063
street,street,0.9369490742683411
street,street,0.8305264711380005
street,street,0.7296892404556274
street,street,0.6094673275947571
street,street,0.9601507782936096
street,street,0.9996368885040283
street,street,0.9888472557067871
street,street,0.9954289197921753
street,street,0.9877927899360657
street,street,0.969794750213623
street,street,0.9933772683143616
street,street,0.9977019429206848
street,street,0.6346085071563721
street,street,0.9356799125671387
street,street,0.9816438555717468
street,street,0.6680328249931335
street,street,0.558726966381073
street,street,0.994786262512207
street,street,0.9641766548156738
street,street,0.9937039017677307
street,street,0.595554769039154
street,street,0.7162824869155884
street,buildings,0.7147825956344604
street,street,0.9987643957138062
street,street,0.9367406368255615
street,street,0.9970230460166931
street,street,0.9969484210014343
street,street,0.9420777559280396
street,street,0.992952287197113
street,buildings,0.9660283923149109
street,street,0.6782638430595398
street,street,0.9979959726333618
street,street,0.728871762752533
street,street,0.8648309111595154
street,buildings,0.5124947428703308
street,street,0.9521815180778503
street,street,0.992424726486206
street,buildings,0.9696490168571472
street,buildings,0.5294085741043091
street,street,0.742875337600708
street,buildings,0.9380702376365662
street,street,0.974966287612915
street,street,0.8778588175773621
street,buildings,0.6163883209228516
street,street,0.9979152083396912
street,buildings,0.5854977369308472
street,street,0.999636173248291
street,street,0.6699472069740295
street,street,0.7290449142456055
street,buildings,0.9048609733581543
street,street,0.8658506870269775
street,street,0.6946845054626465
street,street,0.9425406455993652
street,street,0.9002988338470459
street,buildings,0.6135103106498718
street,street,0.6714196801185608
street,street,0.8430570960044861
street,street,0.9967195391654968
street,buildings,0.6718210577964783
street,street,0.9739325642585754
street,street,0.9087027907371521
street,street,0.9875461459159851
street,street,0.7183634042739868
street,street,0.9596124887466431
street,street,0.7378985285758972
street,street,0.9957911968231201
street,buildings,0.7206777334213257
street,buildings,0.7282510995864868
street,street,0.7058481574058533
street,street,0.879343569278717
street,street,0.8877337574958801
street,street,0.9980326294898987
street,buildings,0.8314798474311829
street,street,0.987036943435669
street,street,0.9983242154121399
street,mountain,0.5601681470870972
street,buildings,0.9855741858482361
street,street,0.913166344165802
